sample,batch,group,benchmark
P2_S_0004_0108_0,1,0,0
P2_S_0004_0108_1,1,0,0
P2_S_0004_0108_2,1,0,0
P2_S_0004_0110_0,2,0,0
P2_S_0004_0110_1,2,0,0
P2_S_0004_0110_2,2,0,0
P2_S_0004_0124_0,3,0,0
P2_S_0004_0124_1,3,0,0
P2_S_0004_0124_2,3,0,0
P2_S_0004_0219_0,4,0,0
P2_S_0004_0219_1,4,0,0
P2_S_0004_0219_2,4,0,0
P2_S_0004_0221_0,5,0,0
P2_S_0004_0221_1,5,0,0
P2_S_0004_0221_2,5,0,0
P2_S_0004_0304_0,6,0,0
P2_S_0004_0304_1,6,0,0
P2_S_0004_0304_2,6,0,0
P2_S_0004_0306_0,7,0,0
P2_S_0004_0306_1,7,0,0
P2_S_0004_0306_2,7,0,0
P2_S_0002_0108_0,1,0,0
P2_S_0002_0108_1,1,0,0
P2_S_0002_0108_2,1,0,0
P2_S_0002_0110_0,2,0,0
P2_S_0002_0110_1,2,0,0
P2_S_0002_0110_2,2,0,0
P2_S_0002_0124_0,3,0,0
P2_S_0002_0124_1,3,0,0
P2_S_0002_0124_2,3,0,0
P2_S_0002_0219_0,4,0,0
P2_S_0002_0219_1,4,0,0
P2_S_0002_0219_2,4,0,0
P2_S_0002_0221_0,5,0,0
P2_S_0002_0221_1,5,0,0
P2_S_0002_0221_2,5,0,0
P2_S_0002_0304_0,6,0,0
P2_S_0002_0304_1,6,0,0
P2_S_0002_0304_2,6,0,0
P2_S_0002_0306_0,7,0,0
P2_S_0002_0306_1,7,0,0
P2_S_0002_0306_2,7,0,0
P2_S_0001_0108_0,1,1,4
P2_S_0001_0108_1,1,1,4
P2_S_0001_0108_2,1,1,4
P2_S_0001_0110_0,2,1,4
P2_S_0001_0110_1,2,1,4
P2_S_0001_0110_2,2,1,4
P2_S_0001_0124_0,3,1,4
P2_S_0001_0124_1,3,1,4
P2_S_0001_0124_2,3,1,4
P2_S_0001_0219_0,4,1,4
P2_S_0001_0219_1,4,1,4
P2_S_0001_0219_2,4,1,4
P2_S_0001_0221_0,5,1,4
P2_S_0001_0221_1,5,1,4
P2_S_0001_0221_2,5,1,4
P2_S_0001_0304_0,6,1,4
P2_S_0001_0304_1,6,1,4
P2_S_0001_0304_2,6,1,4
P2_S_0001_0306_0,7,1,4
P2_S_0001_0306_1,7,1,4
P2_S_0001_0306_2,7,1,4
P1_FA_0008_0108_0,1,0,6
P1_FA_0008_0108_1,1,0,6
P1_FA_0008_0108_2,1,0,6
P1_FA_0008_0110_0,2,0,6
P1_FA_0008_0110_1,2,0,6
P1_FA_0008_0110_2,2,0,6
P1_FA_0008_0124_0,3,0,6
P1_FA_0008_0124_1,3,0,6
P1_FA_0008_0124_2,3,0,6
P1_FA_0008_0219_0,4,0,6
P1_FA_0008_0219_1,4,0,6
P1_FA_0008_0219_2,4,0,6
P1_FA_0008_0221_0,5,0,6
P1_FA_0008_0221_1,5,0,6
P1_FA_0008_0221_2,5,0,6
P1_FA_0008_0304_0,6,0,6
P1_FA_0008_0304_1,6,0,6
P1_FA_0008_0304_2,6,0,6
P1_FA_0008_0306_0,7,0,6
P1_FA_0008_0306_1,7,0,6
P1_FA_0008_0306_2,7,0,6
P2_S_FA_0002_0108_0,1,0,5
P2_S_FA_0002_0108_1,1,0,5
P2_S_FA_0002_0108_2,1,0,5
P2_S_FA_0002_0110_0,2,0,5
P2_S_FA_0002_0110_1,2,0,5
P2_S_FA_0002_0110_2,2,0,5
P2_S_FA_0002_0124_0,3,0,5
P2_S_FA_0002_0124_1,3,0,5
P2_S_FA_0002_0124_2,3,0,5
P2_S_FA_0002_0219_0,4,0,5
P2_S_FA_0002_0219_1,4,0,5
P2_S_FA_0002_0219_2,4,0,5
P2_S_FA_0002_0221_0,5,0,5
P2_S_FA_0002_0221_1,5,0,5
P2_S_FA_0002_0221_2,5,0,5
P2_S_FA_0002_0304_0,6,0,5
P2_S_FA_0002_0304_1,6,0,5
P2_S_FA_0002_0304_2,6,0,5
P2_S_FA_0002_0306_0,7,0,5
P2_S_FA_0002_0306_1,7,0,5
P2_S_FA_0002_0306_2,7,0,5
P2_S_FA_0001_0108_0,1,0,3
P2_S_FA_0001_0108_1,1,0,3
P2_S_FA_0001_0108_2,1,0,3
P2_S_FA_0001_0110_0,2,0,3
P2_S_FA_0001_0110_1,2,0,3
P2_S_FA_0001_0110_2,2,0,3
P2_S_FA_0001_0124_0,3,0,3
P2_S_FA_0001_0124_1,3,0,3
P2_S_FA_0001_0124_2,3,0,3
P2_S_FA_0001_0219_0,4,0,3
P2_S_FA_0001_0219_1,4,0,3
P2_S_FA_0001_0219_2,4,0,3
P2_S_FA_0001_0221_0,5,0,3
P2_S_FA_0001_0221_1,5,0,3
P2_S_FA_0001_0221_2,5,0,3
P2_S_FA_0001_0304_0,6,0,3
P2_S_FA_0001_0304_1,6,0,3
P2_S_FA_0001_0304_2,6,0,3
P2_S_FA_0001_0306_0,7,0,3
P2_S_FA_0001_0306_1,7,0,3
P2_S_FA_0001_0306_2,7,0,3
P2_S_AAFAPP_0001_0108_0,1,0,2
P2_S_AAFAPP_0001_0108_1,1,0,2
P2_S_AAFAPP_0001_0108_2,1,0,2
P2_S_AAFAPP_0001_0110_0,2,0,2
P2_S_AAFAPP_0001_0110_1,2,0,2
P2_S_AAFAPP_0001_0110_2,2,0,2
P2_S_AAFAPP_0001_0124_0,3,0,2
P2_S_AAFAPP_0001_0124_1,3,0,2
P2_S_AAFAPP_0001_0124_2,3,0,2
P2_S_AAFAPP_0001_0219_0,4,0,2
P2_S_AAFAPP_0001_0219_1,4,0,2
P2_S_AAFAPP_0001_0219_2,4,0,2
P2_S_AAFAPP_0001_0221_0,5,0,2
P2_S_AAFAPP_0001_0221_1,5,0,2
P2_S_AAFAPP_0001_0221_2,5,0,2
P2_S_AAFAPP_0001_0304_0,6,0,2
P2_S_AAFAPP_0001_0304_1,6,0,2
P2_S_AAFAPP_0001_0304_2,6,0,2
P2_S_AAFAPP_0001_0306_0,7,0,2
P2_S_AAFAPP_0001_0306_1,7,0,2
P2_S_AAFAPP_0001_0306_2,7,0,2
P1_FA_0001_0108_0,1,0,1
P1_FA_0001_0108_1,1,0,1
P1_FA_0001_0108_2,1,0,1
P1_FA_0001_0110_0,2,0,1
P1_FA_0001_0110_1,2,0,1
P1_FA_0001_0110_2,2,0,1
P1_FA_0001_0124_0,3,0,1
P1_FA_0001_0124_1,3,0,1
P1_FA_0001_0124_2,3,0,1
P1_FA_0001_0219_0,4,0,1
P1_FA_0001_0219_1,4,0,1
P1_FA_0001_0219_2,4,0,1
P1_FA_0001_0221_0,5,0,1
P1_FA_0001_0221_1,5,0,1
P1_FA_0001_0221_2,5,0,1
P1_FA_0001_0304_0,6,0,1
P1_FA_0001_0304_1,6,0,1
P1_FA_0001_0304_2,6,0,1
P1_FA_0001_0306_0,7,0,1
P1_FA_0001_0306_1,7,0,1
P1_FA_0001_0306_2,7,0,1
P1_PP_0256_0108_0,1,0,0
P1_PP_0256_0108_1,1,0,0
P1_PP_0256_0108_2,1,0,0
P2_S_PP_0008_0108_0,1,0,0
P2_S_PP_0008_0108_1,1,0,0
P2_S_PP_0008_0108_2,1,0,0
P2_S_13C_0008_0108_0,1,0,0
P2_S_13C_0008_0108_1,1,0,0
P2_S_13C_0008_0108_2,1,0,0
P1_PP_2048_0108_0,1,0,0
P1_PP_2048_0108_1,1,0,0
P1_PP_2048_0108_2,1,0,0
P1_13C_0064_0108_0,1,0,0
P1_13C_0064_0108_1,1,0,0
P1_13C_0064_0108_2,1,0,0
P1_PP_0004_0108_0,1,0,0
P1_PP_0004_0108_1,1,0,0
P1_PP_0004_0108_2,1,0,0
P2_S_13C_0128_0108_0,1,0,0
P2_S_13C_0128_0108_1,1,0,0
P2_S_13C_0128_0108_2,1,0,0
P2_AAFAPP_0004_0108_0,1,0,0
P2_AAFAPP_0004_0108_1,1,0,0
P2_AAFAPP_0004_0108_2,1,0,0
P2_S_13C_0032_0108_0,1,0,0
P2_S_13C_0032_0108_1,1,0,0
P2_S_13C_0032_0108_2,1,0,0
P1_PP_0032_0108_0,1,0,0
P1_PP_0032_0108_1,1,0,0
P1_PP_0032_0108_2,1,0,0
P2_S_PP_0128_0108_0,1,0,0
P2_S_PP_0128_0108_1,1,0,0
P2_S_PP_0128_0108_2,1,0,0
P1_FA_0004_0108_0,1,0,0
P1_FA_0004_0108_1,1,0,0
P1_FA_0004_0108_2,1,0,0
P1_PP_0001_0108_0,1,0,0
P1_PP_0001_0108_1,1,0,0
P1_PP_0001_0108_2,1,0,0
P2_AAFAPP_0001_0108_0,1,0,0
P2_AAFAPP_0001_0108_1,1,0,0
P2_AAFAPP_0001_0108_2,1,0,0
P2_S_AA_0128_0108_0,1,0,0
P2_S_AA_0128_0108_1,1,0,0
P2_S_AA_0128_0108_2,1,0,0
P1_AAFAPP_0008_0108_0,1,0,0
P1_AAFAPP_0008_0108_1,1,0,0
P1_AAFAPP_0008_0108_2,1,0,0
P2_S_FA_0016_0108_0,1,0,0
P2_S_FA_0016_0108_1,1,0,0
P2_S_FA_0016_0108_2,1,0,0
P1_AAFAPP_0016_0108_0,1,0,0
P1_AAFAPP_0016_0108_1,1,0,0
P1_AAFAPP_0016_0108_2,1,0,0
P2_S_0008_0108_0,1,0,0
P2_S_0008_0108_1,1,0,0
P2_S_0008_0108_2,1,0,0
P1_13C_1024_0108_0,1,0,0
P1_13C_1024_0108_1,1,0,0
P1_13C_1024_0108_2,1,0,0
P2_S_FA_0004_0108_0,1,0,0
P2_S_FA_0004_0108_1,1,0,0
P2_S_FA_0004_0108_2,1,0,0
P1_S_0004_0108_0,1,0,0
P1_S_0004_0108_1,1,0,0
P1_S_0004_0108_2,1,0,0
P1_AA_0256_0108_0,1,0,0
P1_AA_0256_0108_1,1,0,0
P1_AA_0256_0108_2,1,0,0
P1_S_0001_0108_0,1,0,0
P1_S_0001_0108_1,1,0,0
P1_S_0001_0108_2,1,0,0
P1_13C_0016_0108_0,1,0,0
P1_13C_0016_0108_1,1,0,0
P1_13C_0016_0108_2,1,0,0
P1_AA_2048_0108_0,1,0,0
P1_AA_2048_0108_1,1,0,0
P1_AA_2048_0108_2,1,0,0
P1_PP_0512_0108_0,1,0,0
P1_PP_0512_0108_1,1,0,0
P1_PP_0512_0108_2,1,0,0
P2_S_PP_0002_0108_0,1,0,0
P2_S_PP_0002_0108_1,1,0,0
P2_S_PP_0002_0108_2,1,0,0
P2_S_FA_0128_0108_0,1,0,0
P2_S_FA_0128_0108_1,1,0,0
P2_S_FA_0128_0108_2,1,0,0
P1_S_0008_0108_0,1,0,0
P1_S_0008_0108_1,1,0,0
P1_S_0008_0108_2,1,0,0
P1_S_0512_0108_0,1,0,0
P1_S_0512_0108_1,1,0,0
P1_S_0512_0108_2,1,0,0
P1_PP_0008_0108_0,1,0,0
P1_PP_0008_0108_1,1,0,0
P1_PP_0008_0108_2,1,0,0
P1_PP_1024_0108_0,1,0,0
P1_PP_1024_0108_1,1,0,0
P1_PP_1024_0108_2,1,0,0
P2_S_0064_0108_0,1,0,0
P2_S_0064_0108_1,1,0,0
P2_S_0064_0108_2,1,0,0
P1_13C_0032_0108_0,1,0,0
P1_13C_0032_0108_1,1,0,0
P1_13C_0032_0108_2,1,0,0
P1_AAFAPP_0064_0108_0,1,0,0
P1_AAFAPP_0064_0108_1,1,0,0
P1_AAFAPP_0064_0108_2,1,0,0
P1_AAFAPP_0004_0108_0,1,0,0
P1_AAFAPP_0004_0108_1,1,0,0
P1_AAFAPP_0004_0108_2,1,0,0
P2_S_0032_0108_0,1,0,0
P2_S_0032_0108_1,1,0,0
P2_S_0032_0108_2,1,0,0
P1_PP_0002_0108_0,1,0,0
P1_PP_0002_0108_1,1,0,0
P1_PP_0002_0108_2,1,0,0
P1_FA_2048_0108_0,1,0,0
P1_FA_2048_0108_1,1,0,0
P1_FA_2048_0108_2,1,0,0
P1_AAFAPP_0001_0108_0,1,0,0
P1_AAFAPP_0001_0108_1,1,0,0
P1_AAFAPP_0001_0108_2,1,0,0
P1_AA_1024_0108_0,1,0,0
P1_AA_1024_0108_1,1,0,0
P1_AA_1024_0108_2,1,0,0
P2_S_2048_0108_0,1,0,0
P2_S_2048_0108_1,1,0,0
P2_S_2048_0108_2,1,0,0
P2_AAFAPP_0002_0108_0,1,0,0
P2_AAFAPP_0002_0108_1,1,0,0
P2_AAFAPP_0002_0108_2,1,0,0
P2_S_AA_0032_0108_0,1,0,0
P2_S_AA_0032_0108_1,1,0,0
P2_S_AA_0032_0108_2,1,0,0
P1_AA_0512_0108_0,1,0,0
P1_AA_0512_0108_1,1,0,0
P1_AA_0512_0108_2,1,0,0
P2_S_AAFAPP_0004_0108_0,1,0,0
P2_S_AAFAPP_0004_0108_1,1,0,0
P2_S_AAFAPP_0004_0108_2,1,0,0
P1_AAFAPP_0002_0108_0,1,0,0
P1_AAFAPP_0002_0108_1,1,0,0
P1_AAFAPP_0002_0108_2,1,0,0
P1_FA_0016_0108_0,1,0,0
P1_FA_0016_0108_1,1,0,0
P1_FA_0016_0108_2,1,0,0
P1_FA_0128_0108_0,1,0,0
P1_FA_0128_0108_1,1,0,0
P1_FA_0128_0108_2,1,0,0
P2_S_13C_0004_0108_0,1,0,0
P2_S_13C_0004_0108_1,1,0,0
P2_S_13C_0004_0108_2,1,0,0
P1_PP_0016_0108_0,1,0,0
P1_PP_0016_0108_1,1,0,0
P1_PP_0016_0108_2,1,0,0
P1_AAFAPP_0128_0108_0,1,0,0
P1_AAFAPP_0128_0108_1,1,0,0
P1_AAFAPP_0128_0108_2,1,0,0
P1_FA_0064_0108_0,1,0,0
P1_FA_0064_0108_1,1,0,0
P1_FA_0064_0108_2,1,0,0
P1_S_0256_0108_0,1,0,0
P1_S_0256_0108_1,1,0,0
P1_S_0256_0108_2,1,0,0
P2_S_AAFAPP_0128_0108_0,1,0,0
P2_S_AAFAPP_0128_0108_1,1,0,0
P2_S_AAFAPP_0128_0108_2,1,0,0
P2_AAFAPP_0256_0108_0,1,0,0
P2_AAFAPP_0256_0108_1,1,0,0
P2_AAFAPP_0256_0108_2,1,0,0
P2_S_FA_0032_0108_0,1,0,0
P2_S_FA_0032_0108_1,1,0,0
P2_S_FA_0032_0108_2,1,0,0
P2_S_PP_0001_0108_0,1,0,0
P2_S_PP_0001_0108_1,1,0,0
P2_S_PP_0001_0108_2,1,0,0
P1_13C_0256_0108_0,1,0,0
P1_13C_0256_0108_1,1,0,0
P1_13C_0256_0108_2,1,0,0
P1_S_0002_0108_0,1,0,0
P1_S_0002_0108_1,1,0,0
P1_S_0002_0108_2,1,0,0
P2_AAFAPP_2048_0108_0,1,0,0
P2_AAFAPP_2048_0108_1,1,0,0
P2_AAFAPP_2048_0108_2,1,0,0
P2_S_AAFAPP_0064_0108_0,1,0,0
P2_S_AAFAPP_0064_0108_1,1,0,0
P2_S_AAFAPP_0064_0108_2,1,0,0
P1_PP_0064_0108_0,1,0,0
P1_PP_0064_0108_1,1,0,0
P1_PP_0064_0108_2,1,0,0
P1_AA_0064_0108_0,1,0,0
P1_AA_0064_0108_1,1,0,0
P1_AA_0064_0108_2,1,0,0
P2_S_AA_0002_0108_0,1,0,0
P2_S_AA_0002_0108_1,1,0,0
P2_S_AA_0002_0108_2,1,0,0
P2_S_AAFAPP_0016_0108_0,1,0,0
P2_S_AAFAPP_0016_0108_1,1,0,0
P2_S_AAFAPP_0016_0108_2,1,0,0
P1_AAFAPP_0032_0108_0,1,0,0
P1_AAFAPP_0032_0108_1,1,0,0
P1_AAFAPP_0032_0108_2,1,0,0
P1_13C_0512_0108_0,1,0,0
P1_13C_0512_0108_1,1,0,0
P1_13C_0512_0108_2,1,0,0
P1_AAFAPP_0256_0108_0,1,0,0
P1_AAFAPP_0256_0108_1,1,0,0
P1_AAFAPP_0256_0108_2,1,0,0
P2_S_AAFAPP_0002_0108_0,1,0,0
P2_S_AAFAPP_0002_0108_1,1,0,0
P2_S_AAFAPP_0002_0108_2,1,0,0
P2_S_AA_0064_0108_0,1,0,0
P2_S_AA_0064_0108_1,1,0,0
P1_S_0128_0108_0,1,0,0
P1_S_0128_0108_1,1,0,0
P1_S_0128_0108_2,1,0,0
P2_S_AA_0016_0108_0,1,0,0
P2_S_AA_0016_0108_1,1,0,0
P2_S_AA_0016_0108_2,1,0,0
P2_S_FA_0064_0108_0,1,0,0
P2_S_FA_0064_0108_1,1,0,0
P2_S_FA_0064_0108_2,1,0,0
P1_S_2048_0108_0,1,0,0
P1_S_2048_0108_1,1,0,0
P1_S_2048_0108_2,1,0,0
P1_AA_0002_0108_0,1,0,0
P1_AA_0002_0108_1,1,0,0
P1_AA_0002_0108_2,1,0,0
P1_AA_0008_0108_0,1,0,0
P1_AA_0008_0108_1,1,0,0
P1_AA_0008_0108_2,1,0,0
P2_AAFAPP_0008_0108_0,1,0,0
P2_AAFAPP_0008_0108_1,1,0,0
P2_AAFAPP_0008_0108_2,1,0,0
P1_AA_0004_0108_0,1,0,0
P1_AA_0004_0108_1,1,0,0
P1_AA_0004_0108_2,1,0,0
P1_S_0016_0108_0,1,0,0
P1_S_0016_0108_1,1,0,0
P1_S_0016_0108_2,1,0,0
P1_13C_0002_0108_0,1,0,0
P1_13C_0002_0108_1,1,0,0
P1_13C_0002_0108_2,1,0,0
P2_AAFAPP_1024_0108_0,1,0,0
P2_AAFAPP_1024_0108_1,1,0,0
P2_AAFAPP_1024_0108_2,1,0,0
P2_S_PP_0032_0108_0,1,0,0
P2_S_PP_0032_0108_1,1,0,0
P2_S_PP_0032_0108_2,1,0,0
P2_S_0512_0108_0,1,0,0
P2_S_0512_0108_1,1,0,0
P2_S_0512_0108_2,1,0,0
P1_AA_0128_0108_0,1,0,0
P1_AA_0128_0108_1,1,0,0
P1_AA_0128_0108_2,1,0,0
P2_S_AA_0004_0108_0,1,0,0
P2_S_AA_0004_0108_1,1,0,0
P2_S_AA_0004_0108_2,1,0,0
P1_13C_0128_0108_0,1,0,0
P1_13C_0128_0108_1,1,0,0
P1_13C_0128_0108_2,1,0,0
P1_13C_0004_0108_0,1,0,0
P1_13C_0004_0108_1,1,0,0
P1_13C_0004_0108_2,1,0,0
P1_AAFAPP_1024_0108_0,1,0,0
P1_AAFAPP_1024_0108_1,1,0,0
P1_AAFAPP_1024_0108_2,1,0,0
P2_S_0128_0108_0,1,0,0
P2_S_0128_0108_1,1,0,0
P2_S_0128_0108_2,1,0,0
P1_FA_0256_0108_0,1,0,0
P1_FA_0256_0108_1,1,0,0
P1_FA_0256_0108_2,1,0,0
P2_S_13C_0016_0108_0,1,0,0
P2_S_13C_0016_0108_1,1,0,0
P2_S_13C_0016_0108_2,1,0,0
P1_S_1024_0108_0,1,0,0
P1_S_1024_0108_1,1,0,0
P1_S_1024_0108_2,1,0,0
P2_AAFAPP_0032_0108_0,1,0,0
P2_AAFAPP_0032_0108_1,1,0,0
P2_AAFAPP_0032_0108_2,1,0,0
P2_S_1024_0108_0,1,0,0
P2_S_1024_0108_1,1,0,0
P2_S_1024_0108_2,1,0,0
P2_S_AA_0008_0108_0,1,0,0
P2_S_AA_0008_0108_1,1,0,0
P2_S_AA_0008_0108_2,1,0,0
P2_AAFAPP_0064_0108_0,1,0,0
P2_AAFAPP_0064_0108_1,1,0,0
P2_AAFAPP_0064_0108_2,1,0,0
P1_S_0032_0108_0,1,0,0
P1_S_0032_0108_1,1,0,0
P1_S_0032_0108_2,1,0,0
P1_FA_0032_0108_0,1,0,0
P1_FA_0032_0108_1,1,0,0
P1_FA_0032_0108_2,1,0,0
P1_AA_0001_0108_0,1,0,0
P1_AA_0001_0108_1,1,0,0
P1_AA_0001_0108_2,1,0,0
P2_AAFAPP_0016_0108_0,1,0,0
P2_AAFAPP_0016_0108_1,1,0,0
P2_AAFAPP_0016_0108_2,1,0,0
P1_AA_0016_0108_0,1,0,0
P1_AA_0016_0108_1,1,0,0
P1_AA_0016_0108_2,1,0,0
P2_S_0256_0108_0,1,0,0
P2_S_0256_0108_1,1,0,0
P2_S_0256_0108_2,1,0,0
P2_S_PP_0016_0108_0,1,0,0
P2_S_PP_0016_0108_1,1,0,0
P2_S_PP_0016_0108_2,1,0,0
P1_S_0064_0108_0,1,0,0
P1_S_0064_0108_1,1,0,0
P1_S_0064_0108_2,1,0,0
P2_S_0016_0108_0,1,0,0
P2_S_0016_0108_1,1,0,0
P2_S_0016_0108_2,1,0,0
P1_FA_0512_0108_0,1,0,0
P1_FA_0512_0108_1,1,0,0
P1_FA_0512_0108_2,1,0,0
P1_AAFAPP_2048_0108_0,1,0,0
P1_AAFAPP_2048_0108_1,1,0,0
P1_AAFAPP_2048_0108_2,1,0,0
P2_S_AAFAPP_0008_0108_0,1,0,0
P2_S_AAFAPP_0008_0108_1,1,0,0
P2_S_AAFAPP_0008_0108_2,1,0,0
P2_AAFAPP_0128_0108_0,1,0,0
P2_AAFAPP_0128_0108_1,1,0,0
P2_AAFAPP_0128_0108_2,1,0,0
P2_S_AAFAPP_0032_0108_0,1,0,0
P2_S_AAFAPP_0032_0108_1,1,0,0
P2_S_AAFAPP_0032_0108_2,1,0,0
P2_S_13C_0002_0108_0,1,0,0
P2_S_13C_0002_0108_1,1,0,0
P2_S_13C_0002_0108_2,1,0,0
P1_FA_0002_0108_0,1,0,0
P1_FA_0002_0108_1,1,0,0
P1_FA_0002_0108_2,1,0,0
P1_AAFAPP_0512_0108_0,1,0,0
P1_AAFAPP_0512_0108_1,1,0,0
P1_AAFAPP_0512_0108_2,1,0,0
P1_13C_0008_0108_0,1,0,0
P1_13C_0008_0108_1,1,0,0
P1_13C_0008_0108_2,1,0,0
P2_AAFAPP_0512_0108_0,1,0,0
P2_AAFAPP_0512_0108_1,1,0,0
P2_AAFAPP_0512_0108_2,1,0,0
P1_PP_0128_0108_0,1,0,0
P1_PP_0128_0108_1,1,0,0
P1_PP_0128_0108_2,1,0,0
P2_S_AA_0001_0108_0,1,0,0
P2_S_AA_0001_0108_1,1,0,0
P2_S_AA_0001_0108_2,1,0,0
P2_S_13C_0064_0108_0,1,0,0
P2_S_13C_0064_0108_1,1,0,0
P2_S_13C_0064_0108_2,1,0,0
P1_FA_1024_0108_0,1,0,0
P1_FA_1024_0108_1,1,0,0
P1_FA_1024_0108_2,1,0,0
P2_S_PP_0004_0108_0,1,0,0
P2_S_PP_0004_0108_1,1,0,0
P2_S_PP_0004_0108_2,1,0,0
P2_S_13C_0001_0108_0,1,0,0
P2_S_13C_0001_0108_1,1,0,0
P2_S_13C_0001_0108_2,1,0,0
P1_13C_0001_0108_0,1,0,0
P1_13C_0001_0108_1,1,0,0
P1_13C_0001_0108_2,1,0,0
P1_AA_0032_0108_0,1,0,0
P1_AA_0032_0108_1,1,0,0
P1_AA_0032_0108_2,1,0,0
P2_S_PP_0064_0108_0,1,0,0
P2_S_PP_0064_0108_1,1,0,0
P2_S_PP_0064_0108_2,1,0,0
P1_13C_2048_0108_0,1,0,0
P1_13C_2048_0108_1,1,0,0
P1_13C_2048_0108_2,1,0,0
P2_S_FA_0008_0108_0,1,0,0
P2_S_FA_0008_0108_1,1,0,0
P2_S_FA_0008_0108_2,1,0,0
P1_PP_0256_0110_0,2,0,0
P1_PP_0256_0110_1,2,0,0
P1_PP_0256_0110_2,2,0,0
P2_S_PP_0008_0110_0,2,0,0
P2_S_PP_0008_0110_1,2,0,0
P2_S_PP_0008_0110_2,2,0,0
P2_S_13C_0008_0110_0,2,0,0
P2_S_13C_0008_0110_1,2,0,0
P2_S_13C_0008_0110_2,2,0,0
P1_PP_2048_0110_0,2,0,0
P1_PP_2048_0110_1,2,0,0
P1_PP_2048_0110_2,2,0,0
P1_13C_0064_0110_0,2,0,0
P1_13C_0064_0110_1,2,0,0
P1_13C_0064_0110_2,2,0,0
P1_PP_0004_0110_0,2,0,0
P1_PP_0004_0110_1,2,0,0
P1_PP_0004_0110_2,2,0,0
P2_S_13C_0128_0110_0,2,0,0
P2_S_13C_0128_0110_1,2,0,0
P2_S_13C_0128_0110_2,2,0,0
P2_AAFAPP_0004_0110_0,2,0,0
P2_AAFAPP_0004_0110_1,2,0,0
P2_AAFAPP_0004_0110_2,2,0,0
P2_S_13C_0032_0110_0,2,0,0
P2_S_13C_0032_0110_1,2,0,0
P2_S_13C_0032_0110_2,2,0,0
P1_PP_0032_0110_0,2,0,0
P1_PP_0032_0110_1,2,0,0
P1_PP_0032_0110_2,2,0,0
P2_S_PP_0128_0110_0,2,0,0
P2_S_PP_0128_0110_1,2,0,0
P2_S_PP_0128_0110_2,2,0,0
P1_FA_0004_0110_0,2,0,0
P1_FA_0004_0110_1,2,0,0
P1_FA_0004_0110_2,2,0,0
P1_PP_0001_0110_0,2,0,0
P1_PP_0001_0110_1,2,0,0
P1_PP_0001_0110_2,2,0,0
P2_AAFAPP_0001_0110_0,2,0,0
P2_AAFAPP_0001_0110_1,2,0,0
P2_AAFAPP_0001_0110_2,2,0,0
P2_S_AA_0128_0110_0,2,0,0
P2_S_AA_0128_0110_1,2,0,0
P2_S_AA_0128_0110_2,2,0,0
P1_AAFAPP_0008_0110_0,2,0,0
P1_AAFAPP_0008_0110_1,2,0,0
P1_AAFAPP_0008_0110_2,2,0,0
P2_S_FA_0016_0110_0,2,0,0
P2_S_FA_0016_0110_1,2,0,0
P2_S_FA_0016_0110_2,2,0,0
P1_AAFAPP_0016_0110_0,2,0,0
P1_AAFAPP_0016_0110_1,2,0,0
P1_AAFAPP_0016_0110_2,2,0,0
P2_S_0008_0110_0,2,0,0
P2_S_0008_0110_1,2,0,0
P2_S_0008_0110_2,2,0,0
P1_13C_1024_0110_0,2,0,0
P1_13C_1024_0110_1,2,0,0
P1_13C_1024_0110_2,2,0,0
P2_S_FA_0004_0110_0,2,0,0
P2_S_FA_0004_0110_1,2,0,0
P2_S_FA_0004_0110_2,2,0,0
P1_S_0004_0110_0,2,0,0
P1_S_0004_0110_1,2,0,0
P1_S_0004_0110_2,2,0,0
P1_AA_0256_0110_0,2,0,0
P1_AA_0256_0110_1,2,0,0
P1_AA_0256_0110_2,2,0,0
P1_S_0001_0110_0,2,0,0
P1_S_0001_0110_1,2,0,0
P1_S_0001_0110_2,2,0,0
P1_13C_0016_0110_0,2,0,0
P1_13C_0016_0110_1,2,0,0
P1_13C_0016_0110_2,2,0,0
P1_AA_2048_0110_0,2,0,0
P1_AA_2048_0110_1,2,0,0
P1_AA_2048_0110_2,2,0,0
P1_PP_0512_0110_0,2,0,0
P1_PP_0512_0110_1,2,0,0
P1_PP_0512_0110_2,2,0,0
P2_S_PP_0002_0110_0,2,0,0
P2_S_PP_0002_0110_1,2,0,0
P2_S_PP_0002_0110_2,2,0,0
P2_S_FA_0128_0110_0,2,0,0
P2_S_FA_0128_0110_1,2,0,0
P2_S_FA_0128_0110_2,2,0,0
P1_S_0008_0110_0,2,0,0
P1_S_0008_0110_1,2,0,0
P1_S_0008_0110_2,2,0,0
P1_S_0512_0110_0,2,0,0
P1_S_0512_0110_1,2,0,0
P1_S_0512_0110_2,2,0,0
P1_PP_0008_0110_0,2,0,0
P1_PP_0008_0110_1,2,0,0
P1_PP_0008_0110_2,2,0,0
P1_PP_1024_0110_0,2,0,0
P1_PP_1024_0110_1,2,0,0
P1_PP_1024_0110_2,2,0,0
P2_S_0064_0110_0,2,0,0
P2_S_0064_0110_1,2,0,0
P2_S_0064_0110_2,2,0,0
P1_13C_0032_0110_0,2,0,0
P1_13C_0032_0110_1,2,0,0
P1_13C_0032_0110_2,2,0,0
P1_AAFAPP_0064_0110_0,2,0,0
P1_AAFAPP_0064_0110_1,2,0,0
P1_AAFAPP_0064_0110_2,2,0,0
P1_AAFAPP_0004_0110_0,2,0,0
P1_AAFAPP_0004_0110_1,2,0,0
P1_AAFAPP_0004_0110_2,2,0,0
P2_S_0032_0110_0,2,0,0
P2_S_0032_0110_1,2,0,0
P2_S_0032_0110_2,2,0,0
P1_PP_0002_0110_0,2,0,0
P1_PP_0002_0110_1,2,0,0
P1_PP_0002_0110_2,2,0,0
P1_FA_2048_0110_0,2,0,0
P1_FA_2048_0110_1,2,0,0
P1_FA_2048_0110_2,2,0,0
P1_AAFAPP_0001_0110_0,2,0,0
P1_AAFAPP_0001_0110_1,2,0,0
P1_AAFAPP_0001_0110_2,2,0,0
P1_AA_1024_0110_0,2,0,0
P1_AA_1024_0110_1,2,0,0
P1_AA_1024_0110_2,2,0,0
P2_S_2048_0110_0,2,0,0
P2_S_2048_0110_1,2,0,0
P2_S_2048_0110_2,2,0,0
P2_AAFAPP_0002_0110_0,2,0,0
P2_AAFAPP_0002_0110_1,2,0,0
P2_AAFAPP_0002_0110_2,2,0,0
P2_S_AA_0032_0110_0,2,0,0
P2_S_AA_0032_0110_1,2,0,0
P2_S_AA_0032_0110_2,2,0,0
P1_AA_0512_0110_0,2,0,0
P1_AA_0512_0110_1,2,0,0
P1_AA_0512_0110_2,2,0,0
P2_S_AAFAPP_0004_0110_0,2,0,0
P2_S_AAFAPP_0004_0110_1,2,0,0
P2_S_AAFAPP_0004_0110_2,2,0,0
P1_AAFAPP_0002_0110_0,2,0,0
P1_AAFAPP_0002_0110_1,2,0,0
P1_AAFAPP_0002_0110_2,2,0,0
P1_FA_0016_0110_0,2,0,0
P1_FA_0016_0110_1,2,0,0
P1_FA_0016_0110_2,2,0,0
P1_FA_0128_0110_0,2,0,0
P1_FA_0128_0110_1,2,0,0
P1_FA_0128_0110_2,2,0,0
P2_S_13C_0004_0110_0,2,0,0
P2_S_13C_0004_0110_1,2,0,0
P2_S_13C_0004_0110_2,2,0,0
P1_PP_0016_0110_0,2,0,0
P1_PP_0016_0110_1,2,0,0
P1_PP_0016_0110_2,2,0,0
P1_AAFAPP_0128_0110_0,2,0,0
P1_AAFAPP_0128_0110_1,2,0,0
P1_AAFAPP_0128_0110_2,2,0,0
P1_FA_0064_0110_0,2,0,0
P1_FA_0064_0110_1,2,0,0
P1_FA_0064_0110_2,2,0,0
P1_S_0256_0110_0,2,0,0
P1_S_0256_0110_1,2,0,0
P1_S_0256_0110_2,2,0,0
P2_S_AAFAPP_0128_0110_0,2,0,0
P2_S_AAFAPP_0128_0110_1,2,0,0
P2_S_AAFAPP_0128_0110_2,2,0,0
P2_AAFAPP_0256_0110_0,2,0,0
P2_AAFAPP_0256_0110_1,2,0,0
P2_AAFAPP_0256_0110_2,2,0,0
P2_S_FA_0032_0110_0,2,0,0
P2_S_FA_0032_0110_1,2,0,0
P2_S_FA_0032_0110_2,2,0,0
P2_S_PP_0001_0110_0,2,0,0
P2_S_PP_0001_0110_1,2,0,0
P2_S_PP_0001_0110_2,2,0,0
P1_13C_0256_0110_0,2,0,0
P1_13C_0256_0110_1,2,0,0
P1_13C_0256_0110_2,2,0,0
P1_S_0002_0110_0,2,0,0
P1_S_0002_0110_1,2,0,0
P1_S_0002_0110_2,2,0,0
P2_AAFAPP_2048_0110_0,2,0,0
P2_AAFAPP_2048_0110_1,2,0,0
P2_AAFAPP_2048_0110_2,2,0,0
P2_S_AAFAPP_0064_0110_0,2,0,0
P2_S_AAFAPP_0064_0110_1,2,0,0
P2_S_AAFAPP_0064_0110_2,2,0,0
P1_PP_0064_0110_0,2,0,0
P1_PP_0064_0110_1,2,0,0
P1_PP_0064_0110_2,2,0,0
P1_AA_0064_0110_0,2,0,0
P1_AA_0064_0110_1,2,0,0
P1_AA_0064_0110_2,2,0,0
P2_S_AA_0002_0110_0,2,0,0
P2_S_AA_0002_0110_1,2,0,0
P2_S_AA_0002_0110_2,2,0,0
P2_S_AAFAPP_0016_0110_0,2,0,0
P2_S_AAFAPP_0016_0110_1,2,0,0
P2_S_AAFAPP_0016_0110_2,2,0,0
P1_AAFAPP_0032_0110_0,2,0,0
P1_AAFAPP_0032_0110_1,2,0,0
P1_AAFAPP_0032_0110_2,2,0,0
P1_13C_0512_0110_0,2,0,0
P1_13C_0512_0110_1,2,0,0
P1_13C_0512_0110_2,2,0,0
P1_AAFAPP_0256_0110_0,2,0,0
P1_AAFAPP_0256_0110_1,2,0,0
P1_AAFAPP_0256_0110_2,2,0,0
P2_S_AAFAPP_0002_0110_0,2,0,0
P2_S_AAFAPP_0002_0110_1,2,0,0
P2_S_AAFAPP_0002_0110_2,2,0,0
P2_S_AA_0064_0110_0,2,0,0
P2_S_AA_0064_0110_1,2,0,0
P2_S_AA_0064_0110_2,2,0,0
P1_S_0128_0110_0,2,0,0
P1_S_0128_0110_1,2,0,0
P1_S_0128_0110_2,2,0,0
P2_S_AA_0016_0110_0,2,0,0
P2_S_AA_0016_0110_1,2,0,0
P2_S_AA_0016_0110_2,2,0,0
P2_S_FA_0064_0110_0,2,0,0
P2_S_FA_0064_0110_1,2,0,0
P2_S_FA_0064_0110_2,2,0,0
P1_S_2048_0110_0,2,0,0
P1_S_2048_0110_1,2,0,0
P1_S_2048_0110_2,2,0,0
P1_AA_0002_0110_0,2,0,0
P1_AA_0002_0110_1,2,0,0
P1_AA_0002_0110_2,2,0,0
P1_AA_0008_0110_0,2,0,0
P1_AA_0008_0110_1,2,0,0
P1_AA_0008_0110_2,2,0,0
P2_AAFAPP_0008_0110_0,2,0,0
P2_AAFAPP_0008_0110_1,2,0,0
P2_AAFAPP_0008_0110_2,2,0,0
P1_AA_0004_0110_0,2,0,0
P1_AA_0004_0110_1,2,0,0
P1_AA_0004_0110_2,2,0,0
P1_S_0016_0110_0,2,0,0
P1_S_0016_0110_1,2,0,0
P1_S_0016_0110_2,2,0,0
P1_13C_0002_0110_0,2,0,0
P1_13C_0002_0110_1,2,0,0
P1_13C_0002_0110_2,2,0,0
P2_AAFAPP_1024_0110_0,2,0,0
P2_AAFAPP_1024_0110_1,2,0,0
P2_AAFAPP_1024_0110_2,2,0,0
P2_S_PP_0032_0110_0,2,0,0
P2_S_PP_0032_0110_1,2,0,0
P2_S_PP_0032_0110_2,2,0,0
P2_S_0512_0110_0,2,0,0
P2_S_0512_0110_1,2,0,0
P2_S_0512_0110_2,2,0,0
P1_AA_0128_0110_0,2,0,0
P1_AA_0128_0110_1,2,0,0
P1_AA_0128_0110_2,2,0,0
P2_S_AA_0004_0110_0,2,0,0
P2_S_AA_0004_0110_1,2,0,0
P2_S_AA_0004_0110_2,2,0,0
P1_13C_0128_0110_0,2,0,0
P1_13C_0128_0110_1,2,0,0
P1_13C_0128_0110_2,2,0,0
P1_13C_0004_0110_0,2,0,0
P1_13C_0004_0110_1,2,0,0
P1_13C_0004_0110_2,2,0,0
P1_AAFAPP_1024_0110_0,2,0,0
P1_AAFAPP_1024_0110_1,2,0,0
P1_AAFAPP_1024_0110_2,2,0,0
P2_S_0128_0110_0,2,0,0
P2_S_0128_0110_1,2,0,0
P2_S_0128_0110_2,2,0,0
P1_FA_0256_0110_0,2,0,0
P1_FA_0256_0110_1,2,0,0
P1_FA_0256_0110_2,2,0,0
P2_S_13C_0016_0110_0,2,0,0
P2_S_13C_0016_0110_1,2,0,0
P2_S_13C_0016_0110_2,2,0,0
P1_S_1024_0110_0,2,0,0
P1_S_1024_0110_1,2,0,0
P1_S_1024_0110_2,2,0,0
P2_AAFAPP_0032_0110_0,2,0,0
P2_AAFAPP_0032_0110_1,2,0,0
P2_AAFAPP_0032_0110_2,2,0,0
P2_S_1024_0110_0,2,0,0
P2_S_1024_0110_1,2,0,0
P2_S_1024_0110_2,2,0,0
P2_S_AA_0008_0110_0,2,0,0
P2_S_AA_0008_0110_1,2,0,0
P2_S_AA_0008_0110_2,2,0,0
P2_AAFAPP_0064_0110_0,2,0,0
P2_AAFAPP_0064_0110_1,2,0,0
P2_AAFAPP_0064_0110_2,2,0,0
P1_S_0032_0110_0,2,0,0
P1_S_0032_0110_1,2,0,0
P1_S_0032_0110_2,2,0,0
P1_FA_0032_0110_0,2,0,0
P1_FA_0032_0110_1,2,0,0
P1_FA_0032_0110_2,2,0,0
P1_AA_0001_0110_0,2,0,0
P1_AA_0001_0110_1,2,0,0
P1_AA_0001_0110_2,2,0,0
P2_AAFAPP_0016_0110_0,2,0,0
P2_AAFAPP_0016_0110_1,2,0,0
P2_AAFAPP_0016_0110_2,2,0,0
P1_AA_0016_0110_0,2,0,0
P1_AA_0016_0110_1,2,0,0
P1_AA_0016_0110_2,2,0,0
P2_S_0256_0110_0,2,0,0
P2_S_0256_0110_1,2,0,0
P2_S_0256_0110_2,2,0,0
P2_S_PP_0016_0110_0,2,0,0
P2_S_PP_0016_0110_1,2,0,0
P2_S_PP_0016_0110_2,2,0,0
P1_S_0064_0110_0,2,0,0
P1_S_0064_0110_1,2,0,0
P1_S_0064_0110_2,2,0,0
P2_S_0016_0110_0,2,0,0
P2_S_0016_0110_1,2,0,0
P2_S_0016_0110_2,2,0,0
P1_FA_0512_0110_0,2,0,0
P1_FA_0512_0110_1,2,0,0
P1_FA_0512_0110_2,2,0,0
P1_AAFAPP_2048_0110_0,2,0,0
P1_AAFAPP_2048_0110_1,2,0,0
P1_AAFAPP_2048_0110_2,2,0,0
P2_S_AAFAPP_0008_0110_0,2,0,0
P2_S_AAFAPP_0008_0110_1,2,0,0
P2_S_AAFAPP_0008_0110_2,2,0,0
P2_AAFAPP_0128_0110_0,2,0,0
P2_AAFAPP_0128_0110_1,2,0,0
P2_AAFAPP_0128_0110_2,2,0,0
P2_S_AAFAPP_0032_0110_0,2,0,0
P2_S_AAFAPP_0032_0110_1,2,0,0
P2_S_AAFAPP_0032_0110_2,2,0,0
P2_S_13C_0002_0110_0,2,0,0
P2_S_13C_0002_0110_1,2,0,0
P2_S_13C_0002_0110_2,2,0,0
P1_FA_0002_0110_0,2,0,0
P1_FA_0002_0110_1,2,0,0
P1_FA_0002_0110_2,2,0,0
P1_AAFAPP_0512_0110_0,2,0,0
P1_AAFAPP_0512_0110_1,2,0,0
P1_AAFAPP_0512_0110_2,2,0,0
P1_13C_0008_0110_0,2,0,0
P1_13C_0008_0110_1,2,0,0
P1_13C_0008_0110_2,2,0,0
P2_AAFAPP_0512_0110_0,2,0,0
P2_AAFAPP_0512_0110_1,2,0,0
P2_AAFAPP_0512_0110_2,2,0,0
P1_PP_0128_0110_0,2,0,0
P1_PP_0128_0110_1,2,0,0
P1_PP_0128_0110_2,2,0,0
P2_S_AA_0001_0110_0,2,0,0
P2_S_AA_0001_0110_1,2,0,0
P2_S_AA_0001_0110_2,2,0,0
P2_S_13C_0064_0110_0,2,0,0
P2_S_13C_0064_0110_1,2,0,0
P2_S_13C_0064_0110_2,2,0,0
P1_FA_1024_0110_0,2,0,0
P1_FA_1024_0110_1,2,0,0
P1_FA_1024_0110_2,2,0,0
P2_S_PP_0004_0110_0,2,0,0
P2_S_PP_0004_0110_1,2,0,0
P2_S_PP_0004_0110_2,2,0,0
P2_S_13C_0001_0110_0,2,0,0
P2_S_13C_0001_0110_1,2,0,0
P2_S_13C_0001_0110_2,2,0,0
P1_13C_0001_0110_0,2,0,0
P1_13C_0001_0110_1,2,0,0
P1_13C_0001_0110_2,2,0,0
P1_AA_0032_0110_0,2,0,0
P1_AA_0032_0110_1,2,0,0
P1_AA_0032_0110_2,2,0,0
P2_S_PP_0064_0110_0,2,0,0
P2_S_PP_0064_0110_1,2,0,0
P2_S_PP_0064_0110_2,2,0,0
P1_13C_2048_0110_0,2,0,0
P1_13C_2048_0110_1,2,0,0
P1_13C_2048_0110_2,2,0,0
P2_S_FA_0008_0110_0,2,0,0
P2_S_FA_0008_0110_1,2,0,0
P2_S_FA_0008_0110_2,2,0,0
P1_PP_0256_0124_0,3,0,0
P1_PP_0256_0124_1,3,0,0
P1_PP_0256_0124_2,3,0,0
P2_S_PP_0008_0124_0,3,0,0
P2_S_PP_0008_0124_1,3,0,0
P2_S_PP_0008_0124_2,3,0,0
P2_S_13C_0008_0124_0,3,0,0
P2_S_13C_0008_0124_1,3,0,0
P2_S_13C_0008_0124_2,3,0,0
P1_PP_2048_0124_0,3,0,0
P1_PP_2048_0124_1,3,0,0
P1_PP_2048_0124_2,3,0,0
P1_13C_0064_0124_0,3,0,0
P1_13C_0064_0124_1,3,0,0
P1_13C_0064_0124_2,3,0,0
P1_PP_0004_0124_0,3,0,0
P1_PP_0004_0124_1,3,0,0
P1_PP_0004_0124_2,3,0,0
P2_S_13C_0128_0124_0,3,0,0
P2_S_13C_0128_0124_1,3,0,0
P2_S_13C_0128_0124_2,3,0,0
P2_AAFAPP_0004_0124_0,3,0,0
P2_AAFAPP_0004_0124_1,3,0,0
P2_AAFAPP_0004_0124_2,3,0,0
P2_S_13C_0032_0124_0,3,0,0
P2_S_13C_0032_0124_1,3,0,0
P2_S_13C_0032_0124_2,3,0,0
P1_PP_0032_0124_0,3,0,0
P1_PP_0032_0124_1,3,0,0
P1_PP_0032_0124_2,3,0,0
P2_S_PP_0128_0124_0,3,0,0
P2_S_PP_0128_0124_1,3,0,0
P2_S_PP_0128_0124_2,3,0,0
P1_FA_0004_0124_0,3,0,0
P1_FA_0004_0124_1,3,0,0
P1_FA_0004_0124_2,3,0,0
P1_PP_0001_0124_0,3,0,0
P1_PP_0001_0124_1,3,0,0
P1_PP_0001_0124_2,3,0,0
P2_AAFAPP_0001_0124_0,3,0,0
P2_AAFAPP_0001_0124_1,3,0,0
P2_AAFAPP_0001_0124_2,3,0,0
P2_S_AA_0128_0124_0,3,0,0
P2_S_AA_0128_0124_1,3,0,0
P2_S_AA_0128_0124_2,3,0,0
P1_AAFAPP_0008_0124_0,3,0,0
P1_AAFAPP_0008_0124_1,3,0,0
P1_AAFAPP_0008_0124_2,3,0,0
P2_S_FA_0016_0124_0,3,0,0
P2_S_FA_0016_0124_1,3,0,0
P2_S_FA_0016_0124_2,3,0,0
P1_AAFAPP_0016_0124_0,3,0,0
P1_AAFAPP_0016_0124_1,3,0,0
P1_AAFAPP_0016_0124_2,3,0,0
P2_S_0008_0124_0,3,0,0
P2_S_0008_0124_1,3,0,0
P2_S_0008_0124_2,3,0,0
P1_13C_1024_0124_0,3,0,0
P1_13C_1024_0124_1,3,0,0
P1_13C_1024_0124_2,3,0,0
P2_S_FA_0004_0124_0,3,0,0
P2_S_FA_0004_0124_1,3,0,0
P2_S_FA_0004_0124_2,3,0,0
P1_S_0004_0124_0,3,0,0
P1_S_0004_0124_1,3,0,0
P1_S_0004_0124_2,3,0,0
P1_AA_0256_0124_0,3,0,0
P1_AA_0256_0124_1,3,0,0
P1_AA_0256_0124_2,3,0,0
P1_S_0001_0124_0,3,0,0
P1_S_0001_0124_1,3,0,0
P1_S_0001_0124_2,3,0,0
P1_13C_0016_0124_0,3,0,0
P1_13C_0016_0124_1,3,0,0
P1_13C_0016_0124_2,3,0,0
P1_AA_2048_0124_0,3,0,0
P1_AA_2048_0124_1,3,0,0
P1_AA_2048_0124_2,3,0,0
P1_PP_0512_0124_0,3,0,0
P1_PP_0512_0124_1,3,0,0
P1_PP_0512_0124_2,3,0,0
P2_S_PP_0002_0124_0,3,0,0
P2_S_PP_0002_0124_1,3,0,0
P2_S_PP_0002_0124_2,3,0,0
P2_S_FA_0128_0124_0,3,0,0
P2_S_FA_0128_0124_1,3,0,0
P2_S_FA_0128_0124_2,3,0,0
P1_S_0008_0124_0,3,0,0
P1_S_0008_0124_1,3,0,0
P1_S_0008_0124_2,3,0,0
P1_S_0512_0124_0,3,0,0
P1_S_0512_0124_1,3,0,0
P1_S_0512_0124_2,3,0,0
P1_PP_0008_0124_0,3,0,0
P1_PP_0008_0124_1,3,0,0
P1_PP_0008_0124_2,3,0,0
P1_PP_1024_0124_0,3,0,0
P1_PP_1024_0124_1,3,0,0
P1_PP_1024_0124_2,3,0,0
P2_S_0064_0124_0,3,0,0
P2_S_0064_0124_1,3,0,0
P2_S_0064_0124_2,3,0,0
P1_13C_0032_0124_0,3,0,0
P1_13C_0032_0124_1,3,0,0
P1_13C_0032_0124_2,3,0,0
P1_AAFAPP_0064_0124_0,3,0,0
P1_AAFAPP_0064_0124_1,3,0,0
P1_AAFAPP_0064_0124_2,3,0,0
P1_AAFAPP_0004_0124_0,3,0,0
P1_AAFAPP_0004_0124_1,3,0,0
P1_AAFAPP_0004_0124_2,3,0,0
P2_S_0032_0124_0,3,0,0
P2_S_0032_0124_1,3,0,0
P2_S_0032_0124_2,3,0,0
P1_PP_0002_0124_0,3,0,0
P1_PP_0002_0124_1,3,0,0
P1_PP_0002_0124_2,3,0,0
P1_FA_2048_0124_0,3,0,0
P1_FA_2048_0124_1,3,0,0
P1_FA_2048_0124_2,3,0,0
P1_AAFAPP_0001_0124_0,3,0,0
P1_AAFAPP_0001_0124_1,3,0,0
P1_AAFAPP_0001_0124_2,3,0,0
P1_AA_1024_0124_0,3,0,0
P1_AA_1024_0124_1,3,0,0
P1_AA_1024_0124_2,3,0,0
P2_S_2048_0124_0,3,0,0
P2_S_2048_0124_1,3,0,0
P2_S_2048_0124_2,3,0,0
P2_AAFAPP_0002_0124_0,3,0,0
P2_AAFAPP_0002_0124_1,3,0,0
P2_AAFAPP_0002_0124_2,3,0,0
P2_S_AA_0032_0124_0,3,0,0
P2_S_AA_0032_0124_1,3,0,0
P2_S_AA_0032_0124_2,3,0,0
P1_AA_0512_0124_0,3,0,0
P1_AA_0512_0124_1,3,0,0
P1_AA_0512_0124_2,3,0,0
P2_S_AAFAPP_0004_0124_0,3,0,0
P2_S_AAFAPP_0004_0124_1,3,0,0
P2_S_AAFAPP_0004_0124_2,3,0,0
P1_AAFAPP_0002_0124_0,3,0,0
P1_AAFAPP_0002_0124_1,3,0,0
P1_AAFAPP_0002_0124_2,3,0,0
P1_FA_0016_0124_0,3,0,0
P1_FA_0016_0124_1,3,0,0
P1_FA_0016_0124_2,3,0,0
P1_FA_0128_0124_0,3,0,0
P1_FA_0128_0124_1,3,0,0
P1_FA_0128_0124_2,3,0,0
P2_S_13C_0004_0124_0,3,0,0
P2_S_13C_0004_0124_1,3,0,0
P2_S_13C_0004_0124_2,3,0,0
P1_PP_0016_0124_0,3,0,0
P1_PP_0016_0124_1,3,0,0
P1_PP_0016_0124_2,3,0,0
P1_AAFAPP_0128_0124_0,3,0,0
P1_AAFAPP_0128_0124_1,3,0,0
P1_AAFAPP_0128_0124_2,3,0,0
P1_FA_0064_0124_0,3,0,0
P1_FA_0064_0124_1,3,0,0
P1_FA_0064_0124_2,3,0,0
P1_S_0256_0124_0,3,0,0
P1_S_0256_0124_1,3,0,0
P1_S_0256_0124_2,3,0,0
P2_S_AAFAPP_0128_0124_0,3,0,0
P2_S_AAFAPP_0128_0124_1,3,0,0
P2_S_AAFAPP_0128_0124_2,3,0,0
P2_AAFAPP_0256_0124_0,3,0,0
P2_AAFAPP_0256_0124_1,3,0,0
P2_AAFAPP_0256_0124_2,3,0,0
P2_S_FA_0032_0124_0,3,0,0
P2_S_FA_0032_0124_1,3,0,0
P2_S_FA_0032_0124_2,3,0,0
P2_S_PP_0001_0124_0,3,0,0
P2_S_PP_0001_0124_1,3,0,0
P2_S_PP_0001_0124_2,3,0,0
P1_13C_0256_0124_0,3,0,0
P1_13C_0256_0124_1,3,0,0
P1_13C_0256_0124_2,3,0,0
P1_S_0002_0124_0,3,0,0
P1_S_0002_0124_1,3,0,0
P1_S_0002_0124_2,3,0,0
P2_AAFAPP_2048_0124_0,3,0,0
P2_AAFAPP_2048_0124_1,3,0,0
P2_AAFAPP_2048_0124_2,3,0,0
P2_S_AAFAPP_0064_0124_0,3,0,0
P2_S_AAFAPP_0064_0124_1,3,0,0
P2_S_AAFAPP_0064_0124_2,3,0,0
P1_PP_0064_0124_0,3,0,0
P1_PP_0064_0124_1,3,0,0
P1_PP_0064_0124_2,3,0,0
P1_AA_0064_0124_0,3,0,0
P1_AA_0064_0124_1,3,0,0
P1_AA_0064_0124_2,3,0,0
P2_S_AA_0002_0124_0,3,0,0
P2_S_AA_0002_0124_1,3,0,0
P2_S_AA_0002_0124_2,3,0,0
P2_S_AAFAPP_0016_0124_0,3,0,0
P2_S_AAFAPP_0016_0124_1,3,0,0
P2_S_AAFAPP_0016_0124_2,3,0,0
P1_AAFAPP_0032_0124_0,3,0,0
P1_AAFAPP_0032_0124_1,3,0,0
P1_AAFAPP_0032_0124_2,3,0,0
P1_13C_0512_0124_0,3,0,0
P1_13C_0512_0124_1,3,0,0
P1_13C_0512_0124_2,3,0,0
P1_AAFAPP_0256_0124_0,3,0,0
P1_AAFAPP_0256_0124_1,3,0,0
P1_AAFAPP_0256_0124_2,3,0,0
P2_S_AAFAPP_0002_0124_0,3,0,0
P2_S_AAFAPP_0002_0124_1,3,0,0
P2_S_AAFAPP_0002_0124_2,3,0,0
P2_S_AA_0064_0124_0,3,0,0
P2_S_AA_0064_0124_1,3,0,0
P2_S_AA_0064_0124_2,3,0,0
P1_S_0128_0124_0,3,0,0
P1_S_0128_0124_1,3,0,0
P1_S_0128_0124_2,3,0,0
P2_S_AA_0016_0124_0,3,0,0
P2_S_AA_0016_0124_1,3,0,0
P2_S_AA_0016_0124_2,3,0,0
P2_S_FA_0064_0124_0,3,0,0
P2_S_FA_0064_0124_1,3,0,0
P2_S_FA_0064_0124_2,3,0,0
P1_S_2048_0124_0,3,0,0
P1_S_2048_0124_1,3,0,0
P1_S_2048_0124_2,3,0,0
P1_AA_0002_0124_0,3,0,0
P1_AA_0002_0124_1,3,0,0
P1_AA_0002_0124_2,3,0,0
P1_AA_0008_0124_0,3,0,0
P1_AA_0008_0124_1,3,0,0
P1_AA_0008_0124_2,3,0,0
P2_AAFAPP_0008_0124_0,3,0,0
P2_AAFAPP_0008_0124_1,3,0,0
P2_AAFAPP_0008_0124_2,3,0,0
P1_AA_0004_0124_0,3,0,0
P1_AA_0004_0124_1,3,0,0
P1_AA_0004_0124_2,3,0,0
P1_S_0016_0124_0,3,0,0
P1_S_0016_0124_1,3,0,0
P1_S_0016_0124_2,3,0,0
P1_13C_0002_0124_0,3,0,0
P1_13C_0002_0124_1,3,0,0
P1_13C_0002_0124_2,3,0,0
P2_AAFAPP_1024_0124_0,3,0,0
P2_AAFAPP_1024_0124_1,3,0,0
P2_AAFAPP_1024_0124_2,3,0,0
P2_S_PP_0032_0124_0,3,0,0
P2_S_PP_0032_0124_1,3,0,0
P2_S_PP_0032_0124_2,3,0,0
P2_S_0512_0124_0,3,0,0
P2_S_0512_0124_1,3,0,0
P2_S_0512_0124_2,3,0,0
P1_AA_0128_0124_0,3,0,0
P1_AA_0128_0124_1,3,0,0
P1_AA_0128_0124_2,3,0,0
P2_S_AA_0004_0124_0,3,0,0
P2_S_AA_0004_0124_1,3,0,0
P2_S_AA_0004_0124_2,3,0,0
P1_13C_0128_0124_0,3,0,0
P1_13C_0128_0124_1,3,0,0
P1_13C_0128_0124_2,3,0,0
P1_13C_0004_0124_0,3,0,0
P1_13C_0004_0124_1,3,0,0
P1_13C_0004_0124_2,3,0,0
P1_AAFAPP_1024_0124_0,3,0,0
P1_AAFAPP_1024_0124_1,3,0,0
P1_AAFAPP_1024_0124_2,3,0,0
P2_S_0128_0124_0,3,0,0
P2_S_0128_0124_1,3,0,0
P2_S_0128_0124_2,3,0,0
P1_FA_0256_0124_0,3,0,0
P1_FA_0256_0124_1,3,0,0
P1_FA_0256_0124_2,3,0,0
P2_S_13C_0016_0124_0,3,0,0
P2_S_13C_0016_0124_1,3,0,0
P2_S_13C_0016_0124_2,3,0,0
P1_S_1024_0124_0,3,0,0
P1_S_1024_0124_1,3,0,0
P1_S_1024_0124_2,3,0,0
P2_AAFAPP_0032_0124_0,3,0,0
P2_AAFAPP_0032_0124_1,3,0,0
P2_AAFAPP_0032_0124_2,3,0,0
P2_S_1024_0124_0,3,0,0
P2_S_1024_0124_1,3,0,0
P2_S_1024_0124_2,3,0,0
P2_S_AA_0008_0124_0,3,0,0
P2_S_AA_0008_0124_1,3,0,0
P2_S_AA_0008_0124_2,3,0,0
P2_AAFAPP_0064_0124_0,3,0,0
P2_AAFAPP_0064_0124_1,3,0,0
P2_AAFAPP_0064_0124_2,3,0,0
P1_S_0032_0124_0,3,0,0
P1_S_0032_0124_1,3,0,0
P1_S_0032_0124_2,3,0,0
P1_FA_0032_0124_0,3,0,0
P1_FA_0032_0124_1,3,0,0
P1_FA_0032_0124_2,3,0,0
P1_AA_0001_0124_0,3,0,0
P1_AA_0001_0124_1,3,0,0
P1_AA_0001_0124_2,3,0,0
P2_AAFAPP_0016_0124_0,3,0,0
P2_AAFAPP_0016_0124_1,3,0,0
P2_AAFAPP_0016_0124_2,3,0,0
P1_AA_0016_0124_0,3,0,0
P1_AA_0016_0124_1,3,0,0
P1_AA_0016_0124_2,3,0,0
P2_S_0256_0124_0,3,0,0
P2_S_0256_0124_1,3,0,0
P2_S_0256_0124_2,3,0,0
P2_S_PP_0016_0124_0,3,0,0
P2_S_PP_0016_0124_1,3,0,0
P2_S_PP_0016_0124_2,3,0,0
P1_S_0064_0124_0,3,0,0
P1_S_0064_0124_1,3,0,0
P1_S_0064_0124_2,3,0,0
P2_S_0016_0124_0,3,0,0
P2_S_0016_0124_1,3,0,0
P2_S_0016_0124_2,3,0,0
P1_FA_0512_0124_0,3,0,0
P1_FA_0512_0124_1,3,0,0
P1_FA_0512_0124_2,3,0,0
P1_AAFAPP_2048_0124_0,3,0,0
P1_AAFAPP_2048_0124_1,3,0,0
P1_AAFAPP_2048_0124_2,3,0,0
P2_S_AAFAPP_0008_0124_0,3,0,0
P2_S_AAFAPP_0008_0124_1,3,0,0
P2_S_AAFAPP_0008_0124_2,3,0,0
P2_AAFAPP_0128_0124_0,3,0,0
P2_AAFAPP_0128_0124_1,3,0,0
P2_AAFAPP_0128_0124_2,3,0,0
P2_S_AAFAPP_0032_0124_0,3,0,0
P2_S_AAFAPP_0032_0124_1,3,0,0
P2_S_AAFAPP_0032_0124_2,3,0,0
P2_S_13C_0002_0124_0,3,0,0
P2_S_13C_0002_0124_1,3,0,0
P2_S_13C_0002_0124_2,3,0,0
P1_FA_0002_0124_0,3,0,0
P1_FA_0002_0124_1,3,0,0
P1_FA_0002_0124_2,3,0,0
P1_AAFAPP_0512_0124_0,3,0,0
P1_AAFAPP_0512_0124_1,3,0,0
P1_AAFAPP_0512_0124_2,3,0,0
P1_13C_0008_0124_0,3,0,0
P1_13C_0008_0124_1,3,0,0
P1_13C_0008_0124_2,3,0,0
P2_AAFAPP_0512_0124_0,3,0,0
P2_AAFAPP_0512_0124_1,3,0,0
P2_AAFAPP_0512_0124_2,3,0,0
P1_PP_0128_0124_0,3,0,0
P1_PP_0128_0124_1,3,0,0
P1_PP_0128_0124_2,3,0,0
P2_S_AA_0001_0124_0,3,0,0
P2_S_AA_0001_0124_1,3,0,0
P2_S_AA_0001_0124_2,3,0,0
P2_S_13C_0064_0124_0,3,0,0
P2_S_13C_0064_0124_1,3,0,0
P2_S_13C_0064_0124_2,3,0,0
P1_FA_1024_0124_0,3,0,0
P1_FA_1024_0124_1,3,0,0
P1_FA_1024_0124_2,3,0,0
P2_S_PP_0004_0124_0,3,0,0
P2_S_PP_0004_0124_1,3,0,0
P2_S_PP_0004_0124_2,3,0,0
P2_S_13C_0001_0124_0,3,0,0
P2_S_13C_0001_0124_1,3,0,0
P2_S_13C_0001_0124_2,3,0,0
P1_13C_0001_0124_0,3,0,0
P1_13C_0001_0124_1,3,0,0
P1_13C_0001_0124_2,3,0,0
P1_AA_0032_0124_0,3,0,0
P1_AA_0032_0124_1,3,0,0
P1_AA_0032_0124_2,3,0,0
P2_S_PP_0064_0124_0,3,0,0
P2_S_PP_0064_0124_1,3,0,0
P2_S_PP_0064_0124_2,3,0,0
P1_13C_2048_0124_0,3,0,0
P1_13C_2048_0124_1,3,0,0
P1_13C_2048_0124_2,3,0,0
P2_S_FA_0008_0124_0,3,0,0
P2_S_FA_0008_0124_1,3,0,0
P2_S_FA_0008_0124_2,3,0,0
P1_PP_0256_0219_0,4,0,0
P1_PP_0256_0219_1,4,0,0
P1_PP_0256_0219_2,4,0,0
P2_S_PP_0008_0219_0,4,0,0
P2_S_PP_0008_0219_1,4,0,0
P2_S_PP_0008_0219_2,4,0,0
P2_S_13C_0008_0219_0,4,0,0
P2_S_13C_0008_0219_1,4,0,0
P2_S_13C_0008_0219_2,4,0,0
P1_PP_2048_0219_0,4,0,0
P1_PP_2048_0219_1,4,0,0
P1_PP_2048_0219_2,4,0,0
P1_13C_0064_0219_0,4,0,0
P1_13C_0064_0219_1,4,0,0
P1_13C_0064_0219_2,4,0,0
P1_PP_0004_0219_0,4,0,0
P1_PP_0004_0219_1,4,0,0
P1_PP_0004_0219_2,4,0,0
P2_S_13C_0128_0219_0,4,0,0
P2_S_13C_0128_0219_1,4,0,0
P2_S_13C_0128_0219_2,4,0,0
P2_AAFAPP_0004_0219_0,4,0,0
P2_AAFAPP_0004_0219_1,4,0,0
P2_AAFAPP_0004_0219_2,4,0,0
P2_S_13C_0032_0219_0,4,0,0
P2_S_13C_0032_0219_1,4,0,0
P2_S_13C_0032_0219_2,4,0,0
P1_PP_0032_0219_0,4,0,0
P1_PP_0032_0219_1,4,0,0
P1_PP_0032_0219_2,4,0,0
P2_S_PP_0128_0219_0,4,0,0
P2_S_PP_0128_0219_1,4,0,0
P2_S_PP_0128_0219_2,4,0,0
P1_FA_0004_0219_0,4,0,0
P1_FA_0004_0219_1,4,0,0
P1_FA_0004_0219_2,4,0,0
P1_PP_0001_0219_0,4,0,0
P1_PP_0001_0219_1,4,0,0
P1_PP_0001_0219_2,4,0,0
P2_AAFAPP_0001_0219_0,4,0,0
P2_AAFAPP_0001_0219_1,4,0,0
P2_AAFAPP_0001_0219_2,4,0,0
P2_S_AA_0128_0219_0,4,0,0
P2_S_AA_0128_0219_1,4,0,0
P2_S_AA_0128_0219_2,4,0,0
P1_AAFAPP_0008_0219_0,4,0,0
P1_AAFAPP_0008_0219_1,4,0,0
P1_AAFAPP_0008_0219_2,4,0,0
P2_S_FA_0016_0219_0,4,0,0
P2_S_FA_0016_0219_1,4,0,0
P2_S_FA_0016_0219_2,4,0,0
P1_AAFAPP_0016_0219_0,4,0,0
P1_AAFAPP_0016_0219_1,4,0,0
P1_AAFAPP_0016_0219_2,4,0,0
P2_S_0008_0219_0,4,0,0
P2_S_0008_0219_1,4,0,0
P2_S_0008_0219_2,4,0,0
P1_13C_1024_0219_0,4,0,0
P1_13C_1024_0219_1,4,0,0
P1_13C_1024_0219_2,4,0,0
P2_S_FA_0004_0219_0,4,0,0
P2_S_FA_0004_0219_1,4,0,0
P2_S_FA_0004_0219_2,4,0,0
P1_S_0004_0219_0,4,0,0
P1_S_0004_0219_1,4,0,0
P1_S_0004_0219_2,4,0,0
P1_AA_0256_0219_0,4,0,0
P1_AA_0256_0219_1,4,0,0
P1_AA_0256_0219_2,4,0,0
P1_S_0001_0219_0,4,0,0
P1_S_0001_0219_1,4,0,0
P1_S_0001_0219_2,4,0,0
P1_13C_0016_0219_0,4,0,0
P1_13C_0016_0219_1,4,0,0
P1_13C_0016_0219_2,4,0,0
P1_AA_2048_0219_0,4,0,0
P1_AA_2048_0219_1,4,0,0
P1_AA_2048_0219_2,4,0,0
P1_PP_0512_0219_0,4,0,0
P1_PP_0512_0219_1,4,0,0
P1_PP_0512_0219_2,4,0,0
P2_S_PP_0002_0219_0,4,0,0
P2_S_PP_0002_0219_1,4,0,0
P2_S_PP_0002_0219_2,4,0,0
P2_S_FA_0128_0219_0,4,0,0
P2_S_FA_0128_0219_1,4,0,0
P2_S_FA_0128_0219_2,4,0,0
P1_S_0008_0219_0,4,0,0
P1_S_0008_0219_1,4,0,0
P1_S_0008_0219_2,4,0,0
P1_S_0512_0219_0,4,0,0
P1_S_0512_0219_1,4,0,0
P1_S_0512_0219_2,4,0,0
P1_PP_0008_0219_0,4,0,0
P1_PP_0008_0219_1,4,0,0
P1_PP_0008_0219_2,4,0,0
P1_PP_1024_0219_0,4,0,0
P1_PP_1024_0219_1,4,0,0
P1_PP_1024_0219_2,4,0,0
P2_S_0064_0219_0,4,0,0
P2_S_0064_0219_1,4,0,0
P2_S_0064_0219_2,4,0,0
P1_13C_0032_0219_0,4,0,0
P1_13C_0032_0219_1,4,0,0
P1_13C_0032_0219_2,4,0,0
P1_AAFAPP_0064_0219_0,4,0,0
P1_AAFAPP_0064_0219_1,4,0,0
P1_AAFAPP_0064_0219_2,4,0,0
P1_AAFAPP_0004_0219_0,4,0,0
P1_AAFAPP_0004_0219_1,4,0,0
P1_AAFAPP_0004_0219_2,4,0,0
P2_S_0032_0219_0,4,0,0
P2_S_0032_0219_1,4,0,0
P2_S_0032_0219_2,4,0,0
P1_PP_0002_0219_0,4,0,0
P1_PP_0002_0219_1,4,0,0
P1_PP_0002_0219_2,4,0,0
P1_FA_2048_0219_0,4,0,0
P1_FA_2048_0219_1,4,0,0
P1_FA_2048_0219_2,4,0,0
P1_AAFAPP_0001_0219_0,4,0,0
P1_AAFAPP_0001_0219_1,4,0,0
P1_AAFAPP_0001_0219_2,4,0,0
P1_AA_1024_0219_0,4,0,0
P1_AA_1024_0219_1,4,0,0
P1_AA_1024_0219_2,4,0,0
P2_S_2048_0219_0,4,0,0
P2_S_2048_0219_1,4,0,0
P2_S_2048_0219_2,4,0,0
P2_AAFAPP_0002_0219_0,4,0,0
P2_AAFAPP_0002_0219_1,4,0,0
P2_AAFAPP_0002_0219_2,4,0,0
P2_S_AA_0032_0219_0,4,0,0
P2_S_AA_0032_0219_1,4,0,0
P2_S_AA_0032_0219_2,4,0,0
P1_AA_0512_0219_0,4,0,0
P1_AA_0512_0219_1,4,0,0
P1_AA_0512_0219_2,4,0,0
P2_S_AAFAPP_0004_0219_0,4,0,0
P2_S_AAFAPP_0004_0219_1,4,0,0
P2_S_AAFAPP_0004_0219_2,4,0,0
P1_AAFAPP_0002_0219_0,4,0,0
P1_AAFAPP_0002_0219_1,4,0,0
P1_AAFAPP_0002_0219_2,4,0,0
P1_FA_0016_0219_0,4,0,0
P1_FA_0016_0219_1,4,0,0
P1_FA_0016_0219_2,4,0,0
P1_FA_0128_0219_0,4,0,0
P1_FA_0128_0219_1,4,0,0
P1_FA_0128_0219_2,4,0,0
P2_S_13C_0004_0219_0,4,0,0
P2_S_13C_0004_0219_1,4,0,0
P2_S_13C_0004_0219_2,4,0,0
P1_PP_0016_0219_0,4,0,0
P1_PP_0016_0219_1,4,0,0
P1_PP_0016_0219_2,4,0,0
P1_AAFAPP_0128_0219_0,4,0,0
P1_AAFAPP_0128_0219_1,4,0,0
P1_AAFAPP_0128_0219_2,4,0,0
P1_FA_0064_0219_0,4,0,0
P1_FA_0064_0219_1,4,0,0
P1_FA_0064_0219_2,4,0,0
P1_S_0256_0219_0,4,0,0
P1_S_0256_0219_1,4,0,0
P1_S_0256_0219_2,4,0,0
P2_S_AAFAPP_0128_0219_0,4,0,0
P2_S_AAFAPP_0128_0219_1,4,0,0
P2_S_AAFAPP_0128_0219_2,4,0,0
P2_AAFAPP_0256_0219_0,4,0,0
P2_AAFAPP_0256_0219_1,4,0,0
P2_AAFAPP_0256_0219_2,4,0,0
P2_S_FA_0032_0219_0,4,0,0
P2_S_FA_0032_0219_1,4,0,0
P2_S_FA_0032_0219_2,4,0,0
P2_S_PP_0001_0219_0,4,0,0
P2_S_PP_0001_0219_1,4,0,0
P2_S_PP_0001_0219_2,4,0,0
P1_13C_0256_0219_0,4,0,0
P1_13C_0256_0219_1,4,0,0
P1_13C_0256_0219_2,4,0,0
P1_S_0002_0219_0,4,0,0
P1_S_0002_0219_1,4,0,0
P1_S_0002_0219_2,4,0,0
P2_AAFAPP_2048_0219_0,4,0,0
P2_AAFAPP_2048_0219_1,4,0,0
P2_AAFAPP_2048_0219_2,4,0,0
P2_S_AAFAPP_0064_0219_0,4,0,0
P2_S_AAFAPP_0064_0219_1,4,0,0
P2_S_AAFAPP_0064_0219_2,4,0,0
P1_PP_0064_0219_0,4,0,0
P1_PP_0064_0219_1,4,0,0
P1_PP_0064_0219_2,4,0,0
P1_AA_0064_0219_0,4,0,0
P1_AA_0064_0219_1,4,0,0
P1_AA_0064_0219_2,4,0,0
P2_S_AA_0002_0219_0,4,0,0
P2_S_AA_0002_0219_1,4,0,0
P2_S_AA_0002_0219_2,4,0,0
P2_S_AAFAPP_0016_0219_0,4,0,0
P2_S_AAFAPP_0016_0219_1,4,0,0
P2_S_AAFAPP_0016_0219_2,4,0,0
P1_AAFAPP_0032_0219_0,4,0,0
P1_AAFAPP_0032_0219_1,4,0,0
P1_AAFAPP_0032_0219_2,4,0,0
P1_13C_0512_0219_0,4,0,0
P1_13C_0512_0219_1,4,0,0
P1_13C_0512_0219_2,4,0,0
P1_AAFAPP_0256_0219_0,4,0,0
P1_AAFAPP_0256_0219_1,4,0,0
P1_AAFAPP_0256_0219_2,4,0,0
P2_S_AAFAPP_0002_0219_0,4,0,0
P2_S_AAFAPP_0002_0219_1,4,0,0
P2_S_AAFAPP_0002_0219_2,4,0,0
P2_S_AA_0064_0219_0,4,0,0
P2_S_AA_0064_0219_1,4,0,0
P2_S_AA_0064_0219_2,4,0,0
P1_S_0128_0219_0,4,0,0
P1_S_0128_0219_1,4,0,0
P1_S_0128_0219_2,4,0,0
P2_S_AA_0016_0219_0,4,0,0
P2_S_AA_0016_0219_1,4,0,0
P2_S_AA_0016_0219_2,4,0,0
P2_S_FA_0064_0219_0,4,0,0
P2_S_FA_0064_0219_1,4,0,0
P2_S_FA_0064_0219_2,4,0,0
P1_S_2048_0219_0,4,0,0
P1_S_2048_0219_1,4,0,0
P1_S_2048_0219_2,4,0,0
P1_AA_0002_0219_0,4,0,0
P1_AA_0002_0219_1,4,0,0
P1_AA_0002_0219_2,4,0,0
P1_AA_0008_0219_0,4,0,0
P1_AA_0008_0219_1,4,0,0
P1_AA_0008_0219_2,4,0,0
P2_AAFAPP_0008_0219_0,4,0,0
P2_AAFAPP_0008_0219_1,4,0,0
P2_AAFAPP_0008_0219_2,4,0,0
P1_AA_0004_0219_0,4,0,0
P1_AA_0004_0219_1,4,0,0
P1_AA_0004_0219_2,4,0,0
P1_S_0016_0219_0,4,0,0
P1_S_0016_0219_1,4,0,0
P1_S_0016_0219_2,4,0,0
P1_13C_0002_0219_0,4,0,0
P1_13C_0002_0219_1,4,0,0
P1_13C_0002_0219_2,4,0,0
P2_AAFAPP_1024_0219_0,4,0,0
P2_AAFAPP_1024_0219_1,4,0,0
P2_AAFAPP_1024_0219_2,4,0,0
P2_S_PP_0032_0219_0,4,0,0
P2_S_PP_0032_0219_1,4,0,0
P2_S_PP_0032_0219_2,4,0,0
P2_S_0512_0219_0,4,0,0
P2_S_0512_0219_1,4,0,0
P2_S_0512_0219_2,4,0,0
P1_AA_0128_0219_0,4,0,0
P1_AA_0128_0219_1,4,0,0
P1_AA_0128_0219_2,4,0,0
P2_S_AA_0004_0219_0,4,0,0
P2_S_AA_0004_0219_1,4,0,0
P2_S_AA_0004_0219_2,4,0,0
P1_13C_0128_0219_0,4,0,0
P1_13C_0128_0219_1,4,0,0
P1_13C_0128_0219_2,4,0,0
P1_13C_0004_0219_0,4,0,0
P1_13C_0004_0219_1,4,0,0
P1_13C_0004_0219_2,4,0,0
P1_AAFAPP_1024_0219_0,4,0,0
P1_AAFAPP_1024_0219_1,4,0,0
P1_AAFAPP_1024_0219_2,4,0,0
P2_S_0128_0219_0,4,0,0
P2_S_0128_0219_1,4,0,0
P2_S_0128_0219_2,4,0,0
P1_FA_0256_0219_0,4,0,0
P1_FA_0256_0219_1,4,0,0
P1_FA_0256_0219_2,4,0,0
P2_S_13C_0016_0219_0,4,0,0
P2_S_13C_0016_0219_1,4,0,0
P2_S_13C_0016_0219_2,4,0,0
P1_S_1024_0219_0,4,0,0
P1_S_1024_0219_1,4,0,0
P1_S_1024_0219_2,4,0,0
P2_AAFAPP_0032_0219_0,4,0,0
P2_AAFAPP_0032_0219_1,4,0,0
P2_AAFAPP_0032_0219_2,4,0,0
P2_S_1024_0219_0,4,0,0
P2_S_1024_0219_1,4,0,0
P2_S_1024_0219_2,4,0,0
P2_S_AA_0008_0219_0,4,0,0
P2_S_AA_0008_0219_1,4,0,0
P2_S_AA_0008_0219_2,4,0,0
P2_AAFAPP_0064_0219_0,4,0,0
P2_AAFAPP_0064_0219_1,4,0,0
P2_AAFAPP_0064_0219_2,4,0,0
P1_S_0032_0219_0,4,0,0
P1_S_0032_0219_1,4,0,0
P1_S_0032_0219_2,4,0,0
P1_FA_0032_0219_0,4,0,0
P1_FA_0032_0219_1,4,0,0
P1_FA_0032_0219_2,4,0,0
P1_AA_0001_0219_0,4,0,0
P1_AA_0001_0219_1,4,0,0
P1_AA_0001_0219_2,4,0,0
P2_AAFAPP_0016_0219_0,4,0,0
P2_AAFAPP_0016_0219_1,4,0,0
P2_AAFAPP_0016_0219_2,4,0,0
P1_AA_0016_0219_0,4,0,0
P1_AA_0016_0219_1,4,0,0
P1_AA_0016_0219_2,4,0,0
P2_S_0256_0219_0,4,0,0
P2_S_0256_0219_1,4,0,0
P2_S_0256_0219_2,4,0,0
P2_S_PP_0016_0219_0,4,0,0
P2_S_PP_0016_0219_1,4,0,0
P2_S_PP_0016_0219_2,4,0,0
P1_S_0064_0219_0,4,0,0
P1_S_0064_0219_1,4,0,0
P1_S_0064_0219_2,4,0,0
P2_S_0016_0219_0,4,0,0
P2_S_0016_0219_1,4,0,0
P2_S_0016_0219_2,4,0,0
P1_FA_0512_0219_0,4,0,0
P1_FA_0512_0219_1,4,0,0
P1_FA_0512_0219_2,4,0,0
P1_AAFAPP_2048_0219_0,4,0,0
P1_AAFAPP_2048_0219_1,4,0,0
P1_AAFAPP_2048_0219_2,4,0,0
P2_S_AAFAPP_0008_0219_0,4,0,0
P2_S_AAFAPP_0008_0219_1,4,0,0
P2_S_AAFAPP_0008_0219_2,4,0,0
P2_AAFAPP_0128_0219_0,4,0,0
P2_AAFAPP_0128_0219_1,4,0,0
P2_AAFAPP_0128_0219_2,4,0,0
P2_S_AAFAPP_0032_0219_0,4,0,0
P2_S_AAFAPP_0032_0219_1,4,0,0
P2_S_AAFAPP_0032_0219_2,4,0,0
P2_S_13C_0002_0219_0,4,0,0
P2_S_13C_0002_0219_1,4,0,0
P2_S_13C_0002_0219_2,4,0,0
P1_FA_0002_0219_0,4,0,0
P1_FA_0002_0219_1,4,0,0
P1_FA_0002_0219_2,4,0,0
P1_AAFAPP_0512_0219_0,4,0,0
P1_AAFAPP_0512_0219_1,4,0,0
P1_AAFAPP_0512_0219_2,4,0,0
P1_13C_0008_0219_0,4,0,0
P1_13C_0008_0219_1,4,0,0
P1_13C_0008_0219_2,4,0,0
P2_AAFAPP_0512_0219_0,4,0,0
P2_AAFAPP_0512_0219_1,4,0,0
P2_AAFAPP_0512_0219_2,4,0,0
P1_PP_0128_0219_0,4,0,0
P1_PP_0128_0219_1,4,0,0
P1_PP_0128_0219_2,4,0,0
P2_S_AA_0001_0219_0,4,0,0
P2_S_AA_0001_0219_1,4,0,0
P2_S_AA_0001_0219_2,4,0,0
P2_S_13C_0064_0219_0,4,0,0
P2_S_13C_0064_0219_1,4,0,0
P2_S_13C_0064_0219_2,4,0,0
P1_FA_1024_0219_0,4,0,0
P1_FA_1024_0219_1,4,0,0
P1_FA_1024_0219_2,4,0,0
P2_S_PP_0004_0219_0,4,0,0
P2_S_PP_0004_0219_1,4,0,0
P2_S_PP_0004_0219_2,4,0,0
P2_S_13C_0001_0219_0,4,0,0
P2_S_13C_0001_0219_1,4,0,0
P2_S_13C_0001_0219_2,4,0,0
P1_13C_0001_0219_0,4,0,0
P1_13C_0001_0219_1,4,0,0
P1_13C_0001_0219_2,4,0,0
P1_AA_0032_0219_0,4,0,0
P1_AA_0032_0219_1,4,0,0
P1_AA_0032_0219_2,4,0,0
P2_S_PP_0064_0219_0,4,0,0
P2_S_PP_0064_0219_1,4,0,0
P2_S_PP_0064_0219_2,4,0,0
P1_13C_2048_0219_0,4,0,0
P1_13C_2048_0219_1,4,0,0
P1_13C_2048_0219_2,4,0,0
P2_S_FA_0008_0219_0,4,0,0
P2_S_FA_0008_0219_1,4,0,0
P2_S_FA_0008_0219_2,4,0,0
P1_PP_0256_0221_0,5,0,0
P1_PP_0256_0221_1,5,0,0
P1_PP_0256_0221_2,5,0,0
P2_S_PP_0008_0221_0,5,0,0
P2_S_PP_0008_0221_1,5,0,0
P2_S_PP_0008_0221_2,5,0,0
P2_S_13C_0008_0221_0,5,0,0
P2_S_13C_0008_0221_1,5,0,0
P2_S_13C_0008_0221_2,5,0,0
P1_PP_2048_0221_0,5,0,0
P1_PP_2048_0221_1,5,0,0
P1_PP_2048_0221_2,5,0,0
P1_13C_0064_0221_0,5,0,0
P1_13C_0064_0221_1,5,0,0
P1_13C_0064_0221_2,5,0,0
P1_PP_0004_0221_0,5,0,0
P1_PP_0004_0221_1,5,0,0
P1_PP_0004_0221_2,5,0,0
P2_S_13C_0128_0221_0,5,0,0
P2_S_13C_0128_0221_1,5,0,0
P2_S_13C_0128_0221_2,5,0,0
P2_AAFAPP_0004_0221_0,5,0,0
P2_AAFAPP_0004_0221_1,5,0,0
P2_AAFAPP_0004_0221_2,5,0,0
P2_S_13C_0032_0221_0,5,0,0
P2_S_13C_0032_0221_1,5,0,0
P2_S_13C_0032_0221_2,5,0,0
P1_PP_0032_0221_0,5,0,0
P1_PP_0032_0221_1,5,0,0
P1_PP_0032_0221_2,5,0,0
P2_S_PP_0128_0221_0,5,0,0
P2_S_PP_0128_0221_1,5,0,0
P2_S_PP_0128_0221_2,5,0,0
P1_FA_0004_0221_0,5,0,0
P1_FA_0004_0221_1,5,0,0
P1_FA_0004_0221_2,5,0,0
P1_PP_0001_0221_0,5,0,0
P1_PP_0001_0221_1,5,0,0
P1_PP_0001_0221_2,5,0,0
P2_AAFAPP_0001_0221_0,5,0,0
P2_AAFAPP_0001_0221_1,5,0,0
P2_AAFAPP_0001_0221_2,5,0,0
P2_S_AA_0128_0221_0,5,0,0
P2_S_AA_0128_0221_1,5,0,0
P2_S_AA_0128_0221_2,5,0,0
P1_AAFAPP_0008_0221_0,5,0,0
P1_AAFAPP_0008_0221_1,5,0,0
P1_AAFAPP_0008_0221_2,5,0,0
P2_S_FA_0016_0221_0,5,0,0
P2_S_FA_0016_0221_1,5,0,0
P2_S_FA_0016_0221_2,5,0,0
P1_AAFAPP_0016_0221_0,5,0,0
P1_AAFAPP_0016_0221_1,5,0,0
P1_AAFAPP_0016_0221_2,5,0,0
P2_S_0008_0221_0,5,0,0
P2_S_0008_0221_1,5,0,0
P2_S_0008_0221_2,5,0,0
P1_13C_1024_0221_0,5,0,0
P1_13C_1024_0221_1,5,0,0
P1_13C_1024_0221_2,5,0,0
P2_S_FA_0004_0221_0,5,0,0
P2_S_FA_0004_0221_1,5,0,0
P2_S_FA_0004_0221_2,5,0,0
P1_S_0004_0221_0,5,0,0
P1_S_0004_0221_1,5,0,0
P1_S_0004_0221_2,5,0,0
P1_AA_0256_0221_0,5,0,0
P1_AA_0256_0221_1,5,0,0
P1_AA_0256_0221_2,5,0,0
P1_S_0001_0221_0,5,0,0
P1_S_0001_0221_1,5,0,0
P1_S_0001_0221_2,5,0,0
P1_13C_0016_0221_0,5,0,0
P1_13C_0016_0221_1,5,0,0
P1_13C_0016_0221_2,5,0,0
P1_AA_2048_0221_0,5,0,0
P1_AA_2048_0221_1,5,0,0
P1_AA_2048_0221_2,5,0,0
P1_PP_0512_0221_0,5,0,0
P1_PP_0512_0221_1,5,0,0
P1_PP_0512_0221_2,5,0,0
P2_S_PP_0002_0221_0,5,0,0
P2_S_PP_0002_0221_1,5,0,0
P2_S_PP_0002_0221_2,5,0,0
P2_S_FA_0128_0221_0,5,0,0
P2_S_FA_0128_0221_1,5,0,0
P2_S_FA_0128_0221_2,5,0,0
P1_S_0008_0221_0,5,0,0
P1_S_0008_0221_1,5,0,0
P1_S_0008_0221_2,5,0,0
P1_S_0512_0221_0,5,0,0
P1_S_0512_0221_1,5,0,0
P1_S_0512_0221_2,5,0,0
P1_PP_0008_0221_0,5,0,0
P1_PP_0008_0221_1,5,0,0
P1_PP_0008_0221_2,5,0,0
P1_PP_1024_0221_0,5,0,0
P1_PP_1024_0221_1,5,0,0
P1_PP_1024_0221_2,5,0,0
P2_S_0064_0221_0,5,0,0
P2_S_0064_0221_1,5,0,0
P2_S_0064_0221_2,5,0,0
P1_13C_0032_0221_0,5,0,0
P1_13C_0032_0221_1,5,0,0
P1_13C_0032_0221_2,5,0,0
P1_AAFAPP_0064_0221_0,5,0,0
P1_AAFAPP_0064_0221_1,5,0,0
P1_AAFAPP_0064_0221_2,5,0,0
P1_AAFAPP_0004_0221_0,5,0,0
P1_AAFAPP_0004_0221_1,5,0,0
P1_AAFAPP_0004_0221_2,5,0,0
P2_S_0032_0221_0,5,0,0
P2_S_0032_0221_1,5,0,0
P2_S_0032_0221_2,5,0,0
P1_PP_0002_0221_0,5,0,0
P1_PP_0002_0221_1,5,0,0
P1_PP_0002_0221_2,5,0,0
P1_FA_2048_0221_0,5,0,0
P1_FA_2048_0221_1,5,0,0
P1_FA_2048_0221_2,5,0,0
P1_AAFAPP_0001_0221_0,5,0,0
P1_AAFAPP_0001_0221_1,5,0,0
P1_AAFAPP_0001_0221_2,5,0,0
P1_AA_1024_0221_0,5,0,0
P1_AA_1024_0221_1,5,0,0
P1_AA_1024_0221_2,5,0,0
P2_S_2048_0221_0,5,0,0
P2_S_2048_0221_1,5,0,0
P2_S_2048_0221_2,5,0,0
P2_AAFAPP_0002_0221_0,5,0,0
P2_AAFAPP_0002_0221_1,5,0,0
P2_AAFAPP_0002_0221_2,5,0,0
P2_S_AA_0032_0221_0,5,0,0
P2_S_AA_0032_0221_1,5,0,0
P2_S_AA_0032_0221_2,5,0,0
P1_AA_0512_0221_0,5,0,0
P1_AA_0512_0221_1,5,0,0
P1_AA_0512_0221_2,5,0,0
P2_S_AAFAPP_0004_0221_0,5,0,0
P2_S_AAFAPP_0004_0221_1,5,0,0
P2_S_AAFAPP_0004_0221_2,5,0,0
P1_AAFAPP_0002_0221_0,5,0,0
P1_AAFAPP_0002_0221_1,5,0,0
P1_AAFAPP_0002_0221_2,5,0,0
P1_FA_0016_0221_0,5,0,0
P1_FA_0016_0221_1,5,0,0
P1_FA_0016_0221_2,5,0,0
P1_FA_0128_0221_0,5,0,0
P1_FA_0128_0221_1,5,0,0
P1_FA_0128_0221_2,5,0,0
P2_S_13C_0004_0221_0,5,0,0
P2_S_13C_0004_0221_1,5,0,0
P2_S_13C_0004_0221_2,5,0,0
P1_PP_0016_0221_0,5,0,0
P1_PP_0016_0221_1,5,0,0
P1_PP_0016_0221_2,5,0,0
P1_AAFAPP_0128_0221_0,5,0,0
P1_AAFAPP_0128_0221_1,5,0,0
P1_AAFAPP_0128_0221_2,5,0,0
P1_FA_0064_0221_0,5,0,0
P1_FA_0064_0221_1,5,0,0
P1_FA_0064_0221_2,5,0,0
P1_S_0256_0221_0,5,0,0
P1_S_0256_0221_1,5,0,0
P1_S_0256_0221_2,5,0,0
P2_S_AAFAPP_0128_0221_0,5,0,0
P2_S_AAFAPP_0128_0221_1,5,0,0
P2_S_AAFAPP_0128_0221_2,5,0,0
P2_AAFAPP_0256_0221_0,5,0,0
P2_AAFAPP_0256_0221_1,5,0,0
P2_AAFAPP_0256_0221_2,5,0,0
P2_S_FA_0032_0221_0,5,0,0
P2_S_FA_0032_0221_1,5,0,0
P2_S_FA_0032_0221_2,5,0,0
P2_S_PP_0001_0221_0,5,0,0
P2_S_PP_0001_0221_1,5,0,0
P2_S_PP_0001_0221_2,5,0,0
P1_13C_0256_0221_0,5,0,0
P1_13C_0256_0221_1,5,0,0
P1_13C_0256_0221_2,5,0,0
P1_S_0002_0221_0,5,0,0
P1_S_0002_0221_1,5,0,0
P1_S_0002_0221_2,5,0,0
P2_AAFAPP_2048_0221_0,5,0,0
P2_AAFAPP_2048_0221_1,5,0,0
P2_AAFAPP_2048_0221_2,5,0,0
P2_S_AAFAPP_0064_0221_0,5,0,0
P2_S_AAFAPP_0064_0221_1,5,0,0
P2_S_AAFAPP_0064_0221_2,5,0,0
P1_PP_0064_0221_0,5,0,0
P1_PP_0064_0221_1,5,0,0
P1_PP_0064_0221_2,5,0,0
P1_AA_0064_0221_0,5,0,0
P1_AA_0064_0221_1,5,0,0
P1_AA_0064_0221_2,5,0,0
P2_S_AA_0002_0221_0,5,0,0
P2_S_AA_0002_0221_1,5,0,0
P2_S_AA_0002_0221_2,5,0,0
P2_S_AAFAPP_0016_0221_0,5,0,0
P2_S_AAFAPP_0016_0221_1,5,0,0
P2_S_AAFAPP_0016_0221_2,5,0,0
P1_AAFAPP_0032_0221_0,5,0,0
P1_AAFAPP_0032_0221_1,5,0,0
P1_AAFAPP_0032_0221_2,5,0,0
P1_13C_0512_0221_0,5,0,0
P1_13C_0512_0221_1,5,0,0
P1_13C_0512_0221_2,5,0,0
P1_AAFAPP_0256_0221_0,5,0,0
P1_AAFAPP_0256_0221_1,5,0,0
P1_AAFAPP_0256_0221_2,5,0,0
P2_S_AAFAPP_0002_0221_0,5,0,0
P2_S_AAFAPP_0002_0221_1,5,0,0
P2_S_AAFAPP_0002_0221_2,5,0,0
P2_S_AA_0064_0221_0,5,0,0
P2_S_AA_0064_0221_1,5,0,0
P2_S_AA_0064_0221_2,5,0,0
P1_S_0128_0221_0,5,0,0
P1_S_0128_0221_1,5,0,0
P1_S_0128_0221_2,5,0,0
P2_S_AA_0016_0221_0,5,0,0
P2_S_AA_0016_0221_1,5,0,0
P2_S_AA_0016_0221_2,5,0,0
P2_S_FA_0064_0221_0,5,0,0
P2_S_FA_0064_0221_1,5,0,0
P2_S_FA_0064_0221_2,5,0,0
P1_S_2048_0221_0,5,0,0
P1_S_2048_0221_1,5,0,0
P1_S_2048_0221_2,5,0,0
P1_AA_0002_0221_0,5,0,0
P1_AA_0002_0221_1,5,0,0
P1_AA_0002_0221_2,5,0,0
P1_AA_0008_0221_0,5,0,0
P1_AA_0008_0221_1,5,0,0
P1_AA_0008_0221_2,5,0,0
P2_AAFAPP_0008_0221_0,5,0,0
P2_AAFAPP_0008_0221_1,5,0,0
P2_AAFAPP_0008_0221_2,5,0,0
P1_AA_0004_0221_0,5,0,0
P1_AA_0004_0221_1,5,0,0
P1_AA_0004_0221_2,5,0,0
P1_S_0016_0221_0,5,0,0
P1_S_0016_0221_1,5,0,0
P1_S_0016_0221_2,5,0,0
P1_13C_0002_0221_0,5,0,0
P1_13C_0002_0221_1,5,0,0
P1_13C_0002_0221_2,5,0,0
P2_AAFAPP_1024_0221_0,5,0,0
P2_AAFAPP_1024_0221_1,5,0,0
P2_AAFAPP_1024_0221_2,5,0,0
P2_S_PP_0032_0221_0,5,0,0
P2_S_PP_0032_0221_1,5,0,0
P2_S_PP_0032_0221_2,5,0,0
P2_S_0512_0221_0,5,0,0
P2_S_0512_0221_1,5,0,0
P2_S_0512_0221_2,5,0,0
P1_AA_0128_0221_0,5,0,0
P1_AA_0128_0221_1,5,0,0
P1_AA_0128_0221_2,5,0,0
P2_S_AA_0004_0221_0,5,0,0
P2_S_AA_0004_0221_1,5,0,0
P2_S_AA_0004_0221_2,5,0,0
P1_13C_0128_0221_0,5,0,0
P1_13C_0128_0221_1,5,0,0
P1_13C_0128_0221_2,5,0,0
P1_13C_0004_0221_0,5,0,0
P1_13C_0004_0221_1,5,0,0
P1_13C_0004_0221_2,5,0,0
P1_AAFAPP_1024_0221_0,5,0,0
P1_AAFAPP_1024_0221_1,5,0,0
P1_AAFAPP_1024_0221_2,5,0,0
P2_S_0128_0221_0,5,0,0
P2_S_0128_0221_1,5,0,0
P2_S_0128_0221_2,5,0,0
P1_FA_0256_0221_0,5,0,0
P1_FA_0256_0221_1,5,0,0
P1_FA_0256_0221_2,5,0,0
P2_S_13C_0016_0221_0,5,0,0
P2_S_13C_0016_0221_1,5,0,0
P2_S_13C_0016_0221_2,5,0,0
P1_S_1024_0221_0,5,0,0
P1_S_1024_0221_1,5,0,0
P1_S_1024_0221_2,5,0,0
P2_AAFAPP_0032_0221_0,5,0,0
P2_AAFAPP_0032_0221_1,5,0,0
P2_AAFAPP_0032_0221_2,5,0,0
P2_S_1024_0221_0,5,0,0
P2_S_1024_0221_1,5,0,0
P2_S_1024_0221_2,5,0,0
P2_S_AA_0008_0221_0,5,0,0
P2_S_AA_0008_0221_1,5,0,0
P2_S_AA_0008_0221_2,5,0,0
P2_AAFAPP_0064_0221_0,5,0,0
P2_AAFAPP_0064_0221_1,5,0,0
P2_AAFAPP_0064_0221_2,5,0,0
P1_S_0032_0221_0,5,0,0
P1_S_0032_0221_1,5,0,0
P1_S_0032_0221_2,5,0,0
P1_FA_0032_0221_0,5,0,0
P1_FA_0032_0221_1,5,0,0
P1_FA_0032_0221_2,5,0,0
P1_AA_0001_0221_0,5,0,0
P1_AA_0001_0221_1,5,0,0
P1_AA_0001_0221_2,5,0,0
P2_AAFAPP_0016_0221_0,5,0,0
P2_AAFAPP_0016_0221_1,5,0,0
P2_AAFAPP_0016_0221_2,5,0,0
P1_AA_0016_0221_0,5,0,0
P1_AA_0016_0221_1,5,0,0
P1_AA_0016_0221_2,5,0,0
P2_S_0256_0221_0,5,0,0
P2_S_0256_0221_1,5,0,0
P2_S_0256_0221_2,5,0,0
P2_S_PP_0016_0221_0,5,0,0
P2_S_PP_0016_0221_1,5,0,0
P2_S_PP_0016_0221_2,5,0,0
P1_S_0064_0221_0,5,0,0
P1_S_0064_0221_1,5,0,0
P1_S_0064_0221_2,5,0,0
P2_S_0016_0221_0,5,0,0
P2_S_0016_0221_1,5,0,0
P2_S_0016_0221_2,5,0,0
P1_FA_0512_0221_0,5,0,0
P1_FA_0512_0221_1,5,0,0
P1_FA_0512_0221_2,5,0,0
P1_AAFAPP_2048_0221_0,5,0,0
P1_AAFAPP_2048_0221_1,5,0,0
P1_AAFAPP_2048_0221_2,5,0,0
P2_S_AAFAPP_0008_0221_0,5,0,0
P2_S_AAFAPP_0008_0221_1,5,0,0
P2_S_AAFAPP_0008_0221_2,5,0,0
P2_AAFAPP_0128_0221_0,5,0,0
P2_AAFAPP_0128_0221_1,5,0,0
P2_AAFAPP_0128_0221_2,5,0,0
P2_S_AAFAPP_0032_0221_0,5,0,0
P2_S_AAFAPP_0032_0221_1,5,0,0
P2_S_AAFAPP_0032_0221_2,5,0,0
P2_S_13C_0002_0221_0,5,0,0
P2_S_13C_0002_0221_1,5,0,0
P2_S_13C_0002_0221_2,5,0,0
P1_FA_0002_0221_0,5,0,0
P1_FA_0002_0221_1,5,0,0
P1_FA_0002_0221_2,5,0,0
P1_AAFAPP_0512_0221_0,5,0,0
P1_AAFAPP_0512_0221_1,5,0,0
P1_AAFAPP_0512_0221_2,5,0,0
P1_13C_0008_0221_0,5,0,0
P1_13C_0008_0221_1,5,0,0
P1_13C_0008_0221_2,5,0,0
P2_AAFAPP_0512_0221_0,5,0,0
P2_AAFAPP_0512_0221_1,5,0,0
P2_AAFAPP_0512_0221_2,5,0,0
P1_PP_0128_0221_0,5,0,0
P1_PP_0128_0221_1,5,0,0
P1_PP_0128_0221_2,5,0,0
P2_S_AA_0001_0221_0,5,0,0
P2_S_AA_0001_0221_1,5,0,0
P2_S_AA_0001_0221_2,5,0,0
P2_S_13C_0064_0221_0,5,0,0
P2_S_13C_0064_0221_1,5,0,0
P2_S_13C_0064_0221_2,5,0,0
P1_FA_1024_0221_0,5,0,0
P1_FA_1024_0221_1,5,0,0
P1_FA_1024_0221_2,5,0,0
P2_S_PP_0004_0221_0,5,0,0
P2_S_PP_0004_0221_1,5,0,0
P2_S_PP_0004_0221_2,5,0,0
P2_S_13C_0001_0221_0,5,0,0
P2_S_13C_0001_0221_1,5,0,0
P2_S_13C_0001_0221_2,5,0,0
P1_13C_0001_0221_0,5,0,0
P1_13C_0001_0221_1,5,0,0
P1_13C_0001_0221_2,5,0,0
P1_AA_0032_0221_0,5,0,0
P1_AA_0032_0221_1,5,0,0
P1_AA_0032_0221_2,5,0,0
P2_S_PP_0064_0221_0,5,0,0
P2_S_PP_0064_0221_1,5,0,0
P2_S_PP_0064_0221_2,5,0,0
P1_13C_2048_0221_0,5,0,0
P1_13C_2048_0221_1,5,0,0
P1_13C_2048_0221_2,5,0,0
P2_S_FA_0008_0221_0,5,0,0
P2_S_FA_0008_0221_1,5,0,0
P2_S_FA_0008_0221_2,5,0,0
P1_PP_0256_0304_0,6,0,0
P1_PP_0256_0304_1,6,0,0
P1_PP_0256_0304_2,6,0,0
P2_S_PP_0008_0304_0,6,0,0
P2_S_PP_0008_0304_1,6,0,0
P2_S_PP_0008_0304_2,6,0,0
P2_S_13C_0008_0304_0,6,0,0
P2_S_13C_0008_0304_1,6,0,0
P2_S_13C_0008_0304_2,6,0,0
P1_PP_2048_0304_0,6,0,0
P1_PP_2048_0304_1,6,0,0
P1_PP_2048_0304_2,6,0,0
P1_13C_0064_0304_0,6,0,0
P1_13C_0064_0304_1,6,0,0
P1_13C_0064_0304_2,6,0,0
P1_PP_0004_0304_0,6,0,0
P1_PP_0004_0304_1,6,0,0
P1_PP_0004_0304_2,6,0,0
P2_S_13C_0128_0304_0,6,0,0
P2_S_13C_0128_0304_1,6,0,0
P2_S_13C_0128_0304_2,6,0,0
P2_AAFAPP_0004_0304_0,6,0,0
P2_AAFAPP_0004_0304_1,6,0,0
P2_AAFAPP_0004_0304_2,6,0,0
P2_S_13C_0032_0304_0,6,0,0
P2_S_13C_0032_0304_1,6,0,0
P2_S_13C_0032_0304_2,6,0,0
P1_PP_0032_0304_0,6,0,0
P1_PP_0032_0304_1,6,0,0
P1_PP_0032_0304_2,6,0,0
P2_S_PP_0128_0304_0,6,0,0
P2_S_PP_0128_0304_1,6,0,0
P2_S_PP_0128_0304_2,6,0,0
P1_FA_0004_0304_0,6,0,0
P1_FA_0004_0304_1,6,0,0
P1_FA_0004_0304_2,6,0,0
P1_PP_0001_0304_0,6,0,0
P1_PP_0001_0304_1,6,0,0
P1_PP_0001_0304_2,6,0,0
P2_AAFAPP_0001_0304_0,6,0,0
P2_AAFAPP_0001_0304_1,6,0,0
P2_AAFAPP_0001_0304_2,6,0,0
P2_S_AA_0128_0304_0,6,0,0
P2_S_AA_0128_0304_1,6,0,0
P2_S_AA_0128_0304_2,6,0,0
P1_AAFAPP_0008_0304_0,6,0,0
P1_AAFAPP_0008_0304_1,6,0,0
P1_AAFAPP_0008_0304_2,6,0,0
P2_S_FA_0016_0304_0,6,0,0
P2_S_FA_0016_0304_1,6,0,0
P2_S_FA_0016_0304_2,6,0,0
P1_AAFAPP_0016_0304_0,6,0,0
P1_AAFAPP_0016_0304_1,6,0,0
P1_AAFAPP_0016_0304_2,6,0,0
P2_S_0008_0304_0,6,0,0
P2_S_0008_0304_1,6,0,0
P2_S_0008_0304_2,6,0,0
P1_13C_1024_0304_0,6,0,0
P1_13C_1024_0304_1,6,0,0
P1_13C_1024_0304_2,6,0,0
P2_S_FA_0004_0304_0,6,0,0
P2_S_FA_0004_0304_1,6,0,0
P2_S_FA_0004_0304_2,6,0,0
P1_S_0004_0304_0,6,0,0
P1_S_0004_0304_1,6,0,0
P1_S_0004_0304_2,6,0,0
P1_AA_0256_0304_0,6,0,0
P1_AA_0256_0304_1,6,0,0
P1_AA_0256_0304_2,6,0,0
P1_S_0001_0304_0,6,0,0
P1_S_0001_0304_1,6,0,0
P1_S_0001_0304_2,6,0,0
P1_13C_0016_0304_0,6,0,0
P1_13C_0016_0304_1,6,0,0
P1_13C_0016_0304_2,6,0,0
P1_AA_2048_0304_0,6,0,0
P1_AA_2048_0304_1,6,0,0
P1_AA_2048_0304_2,6,0,0
P1_PP_0512_0304_0,6,0,0
P1_PP_0512_0304_1,6,0,0
P1_PP_0512_0304_2,6,0,0
P2_S_PP_0002_0304_0,6,0,0
P2_S_PP_0002_0304_1,6,0,0
P2_S_PP_0002_0304_2,6,0,0
P2_S_FA_0128_0304_0,6,0,0
P2_S_FA_0128_0304_1,6,0,0
P2_S_FA_0128_0304_2,6,0,0
P1_S_0008_0304_0,6,0,0
P1_S_0008_0304_1,6,0,0
P1_S_0008_0304_2,6,0,0
P1_S_0512_0304_0,6,0,0
P1_S_0512_0304_1,6,0,0
P1_S_0512_0304_2,6,0,0
P1_PP_0008_0304_0,6,0,0
P1_PP_0008_0304_1,6,0,0
P1_PP_0008_0304_2,6,0,0
P1_PP_1024_0304_0,6,0,0
P1_PP_1024_0304_1,6,0,0
P1_PP_1024_0304_2,6,0,0
P2_S_0064_0304_0,6,0,0
P2_S_0064_0304_1,6,0,0
P2_S_0064_0304_2,6,0,0
P1_13C_0032_0304_0,6,0,0
P1_13C_0032_0304_1,6,0,0
P1_13C_0032_0304_2,6,0,0
P1_AAFAPP_0064_0304_0,6,0,0
P1_AAFAPP_0064_0304_1,6,0,0
P1_AAFAPP_0064_0304_2,6,0,0
P1_AAFAPP_0004_0304_0,6,0,0
P1_AAFAPP_0004_0304_1,6,0,0
P1_AAFAPP_0004_0304_2,6,0,0
P2_S_0032_0304_0,6,0,0
P2_S_0032_0304_1,6,0,0
P2_S_0032_0304_2,6,0,0
P1_PP_0002_0304_0,6,0,0
P1_PP_0002_0304_1,6,0,0
P1_PP_0002_0304_2,6,0,0
P1_FA_2048_0304_0,6,0,0
P1_FA_2048_0304_1,6,0,0
P1_FA_2048_0304_2,6,0,0
P1_AAFAPP_0001_0304_0,6,0,0
P1_AAFAPP_0001_0304_1,6,0,0
P1_AAFAPP_0001_0304_2,6,0,0
P1_AA_1024_0304_0,6,0,0
P1_AA_1024_0304_1,6,0,0
P1_AA_1024_0304_2,6,0,0
P2_S_2048_0304_0,6,0,0
P2_S_2048_0304_1,6,0,0
P2_S_2048_0304_2,6,0,0
P2_AAFAPP_0002_0304_0,6,0,0
P2_AAFAPP_0002_0304_1,6,0,0
P2_AAFAPP_0002_0304_2,6,0,0
P2_S_AA_0032_0304_0,6,0,0
P2_S_AA_0032_0304_1,6,0,0
P2_S_AA_0032_0304_2,6,0,0
P1_AA_0512_0304_0,6,0,0
P1_AA_0512_0304_1,6,0,0
P1_AA_0512_0304_2,6,0,0
P2_S_AAFAPP_0004_0304_0,6,0,0
P2_S_AAFAPP_0004_0304_1,6,0,0
P2_S_AAFAPP_0004_0304_2,6,0,0
P1_AAFAPP_0002_0304_0,6,0,0
P1_AAFAPP_0002_0304_1,6,0,0
P1_AAFAPP_0002_0304_2,6,0,0
P1_FA_0016_0304_0,6,0,0
P1_FA_0016_0304_1,6,0,0
P1_FA_0016_0304_2,6,0,0
P1_FA_0128_0304_0,6,0,0
P1_FA_0128_0304_1,6,0,0
P1_FA_0128_0304_2,6,0,0
P2_S_13C_0004_0304_0,6,0,0
P2_S_13C_0004_0304_1,6,0,0
P2_S_13C_0004_0304_2,6,0,0
P1_PP_0016_0304_0,6,0,0
P1_PP_0016_0304_1,6,0,0
P1_PP_0016_0304_2,6,0,0
P1_AAFAPP_0128_0304_0,6,0,0
P1_AAFAPP_0128_0304_1,6,0,0
P1_AAFAPP_0128_0304_2,6,0,0
P1_FA_0064_0304_0,6,0,0
P1_FA_0064_0304_1,6,0,0
P1_FA_0064_0304_2,6,0,0
P1_S_0256_0304_0,6,0,0
P1_S_0256_0304_1,6,0,0
P1_S_0256_0304_2,6,0,0
P2_S_AAFAPP_0128_0304_0,6,0,0
P2_S_AAFAPP_0128_0304_1,6,0,0
P2_S_AAFAPP_0128_0304_2,6,0,0
P2_AAFAPP_0256_0304_0,6,0,0
P2_AAFAPP_0256_0304_1,6,0,0
P2_AAFAPP_0256_0304_2,6,0,0
P2_S_FA_0032_0304_0,6,0,0
P2_S_FA_0032_0304_1,6,0,0
P2_S_FA_0032_0304_2,6,0,0
P2_S_PP_0001_0304_0,6,0,0
P2_S_PP_0001_0304_1,6,0,0
P2_S_PP_0001_0304_2,6,0,0
P1_13C_0256_0304_0,6,0,0
P1_13C_0256_0304_1,6,0,0
P1_13C_0256_0304_2,6,0,0
P1_S_0002_0304_0,6,0,0
P1_S_0002_0304_1,6,0,0
P1_S_0002_0304_2,6,0,0
P2_AAFAPP_2048_0304_0,6,0,0
P2_AAFAPP_2048_0304_1,6,0,0
P2_AAFAPP_2048_0304_2,6,0,0
P2_S_AAFAPP_0064_0304_0,6,0,0
P2_S_AAFAPP_0064_0304_1,6,0,0
P2_S_AAFAPP_0064_0304_2,6,0,0
P1_PP_0064_0304_0,6,0,0
P1_PP_0064_0304_1,6,0,0
P1_PP_0064_0304_2,6,0,0
P1_AA_0064_0304_0,6,0,0
P1_AA_0064_0304_1,6,0,0
P1_AA_0064_0304_2,6,0,0
P2_S_AA_0002_0304_0,6,0,0
P2_S_AA_0002_0304_1,6,0,0
P2_S_AA_0002_0304_2,6,0,0
P2_S_AAFAPP_0016_0304_0,6,0,0
P2_S_AAFAPP_0016_0304_1,6,0,0
P2_S_AAFAPP_0016_0304_2,6,0,0
P1_AAFAPP_0032_0304_0,6,0,0
P1_AAFAPP_0032_0304_1,6,0,0
P1_AAFAPP_0032_0304_2,6,0,0
P1_13C_0512_0304_0,6,0,0
P1_13C_0512_0304_1,6,0,0
P1_13C_0512_0304_2,6,0,0
P1_AAFAPP_0256_0304_0,6,0,0
P1_AAFAPP_0256_0304_1,6,0,0
P1_AAFAPP_0256_0304_2,6,0,0
P2_S_AAFAPP_0002_0304_0,6,0,0
P2_S_AAFAPP_0002_0304_1,6,0,0
P2_S_AAFAPP_0002_0304_2,6,0,0
P2_S_AA_0064_0304_0,6,0,0
P2_S_AA_0064_0304_1,6,0,0
P2_S_AA_0064_0304_2,6,0,0
P1_S_0128_0304_0,6,0,0
P1_S_0128_0304_1,6,0,0
P1_S_0128_0304_2,6,0,0
P2_S_AA_0016_0304_0,6,0,0
P2_S_AA_0016_0304_1,6,0,0
P2_S_AA_0016_0304_2,6,0,0
P2_S_FA_0064_0304_0,6,0,0
P2_S_FA_0064_0304_1,6,0,0
P2_S_FA_0064_0304_2,6,0,0
P1_S_2048_0304_0,6,0,0
P1_S_2048_0304_1,6,0,0
P1_S_2048_0304_2,6,0,0
P1_AA_0002_0304_0,6,0,0
P1_AA_0002_0304_1,6,0,0
P1_AA_0002_0304_2,6,0,0
P1_AA_0008_0304_0,6,0,0
P1_AA_0008_0304_1,6,0,0
P1_AA_0008_0304_2,6,0,0
P2_AAFAPP_0008_0304_0,6,0,0
P2_AAFAPP_0008_0304_1,6,0,0
P2_AAFAPP_0008_0304_2,6,0,0
P1_AA_0004_0304_0,6,0,0
P1_AA_0004_0304_1,6,0,0
P1_AA_0004_0304_2,6,0,0
P1_S_0016_0304_0,6,0,0
P1_S_0016_0304_1,6,0,0
P1_S_0016_0304_2,6,0,0
P1_13C_0002_0304_0,6,0,0
P1_13C_0002_0304_1,6,0,0
P1_13C_0002_0304_2,6,0,0
P2_AAFAPP_1024_0304_0,6,0,0
P2_AAFAPP_1024_0304_1,6,0,0
P2_AAFAPP_1024_0304_2,6,0,0
P2_S_PP_0032_0304_0,6,0,0
P2_S_PP_0032_0304_1,6,0,0
P2_S_PP_0032_0304_2,6,0,0
P2_S_0512_0304_0,6,0,0
P2_S_0512_0304_1,6,0,0
P2_S_0512_0304_2,6,0,0
P1_AA_0128_0304_0,6,0,0
P1_AA_0128_0304_1,6,0,0
P1_AA_0128_0304_2,6,0,0
P2_S_AA_0004_0304_0,6,0,0
P2_S_AA_0004_0304_1,6,0,0
P2_S_AA_0004_0304_2,6,0,0
P1_13C_0128_0304_0,6,0,0
P1_13C_0128_0304_1,6,0,0
P1_13C_0128_0304_2,6,0,0
P1_13C_0004_0304_0,6,0,0
P1_13C_0004_0304_1,6,0,0
P1_13C_0004_0304_2,6,0,0
P1_AAFAPP_1024_0304_0,6,0,0
P1_AAFAPP_1024_0304_1,6,0,0
P1_AAFAPP_1024_0304_2,6,0,0
P2_S_0128_0304_0,6,0,0
P2_S_0128_0304_1,6,0,0
P2_S_0128_0304_2,6,0,0
P1_FA_0256_0304_0,6,0,0
P1_FA_0256_0304_1,6,0,0
P1_FA_0256_0304_2,6,0,0
P2_S_13C_0016_0304_0,6,0,0
P2_S_13C_0016_0304_1,6,0,0
P2_S_13C_0016_0304_2,6,0,0
P1_S_1024_0304_0,6,0,0
P1_S_1024_0304_1,6,0,0
P1_S_1024_0304_2,6,0,0
P2_AAFAPP_0032_0304_0,6,0,0
P2_AAFAPP_0032_0304_1,6,0,0
P2_AAFAPP_0032_0304_2,6,0,0
P2_S_1024_0304_0,6,0,0
P2_S_1024_0304_1,6,0,0
P2_S_1024_0304_2,6,0,0
P2_S_AA_0008_0304_0,6,0,0
P2_S_AA_0008_0304_1,6,0,0
P2_S_AA_0008_0304_2,6,0,0
P2_AAFAPP_0064_0304_0,6,0,0
P2_AAFAPP_0064_0304_1,6,0,0
P2_AAFAPP_0064_0304_2,6,0,0
P1_S_0032_0304_0,6,0,0
P1_S_0032_0304_1,6,0,0
P1_S_0032_0304_2,6,0,0
P1_FA_0032_0304_0,6,0,0
P1_FA_0032_0304_1,6,0,0
P1_FA_0032_0304_2,6,0,0
P1_AA_0001_0304_0,6,0,0
P1_AA_0001_0304_1,6,0,0
P1_AA_0001_0304_2,6,0,0
P2_AAFAPP_0016_0304_0,6,0,0
P2_AAFAPP_0016_0304_1,6,0,0
P2_AAFAPP_0016_0304_2,6,0,0
P1_AA_0016_0304_0,6,0,0
P1_AA_0016_0304_1,6,0,0
P1_AA_0016_0304_2,6,0,0
P2_S_0256_0304_0,6,0,0
P2_S_0256_0304_1,6,0,0
P2_S_0256_0304_2,6,0,0
P2_S_PP_0016_0304_0,6,0,0
P2_S_PP_0016_0304_1,6,0,0
P2_S_PP_0016_0304_2,6,0,0
P1_S_0064_0304_0,6,0,0
P1_S_0064_0304_1,6,0,0
P1_S_0064_0304_2,6,0,0
P2_S_0016_0304_0,6,0,0
P2_S_0016_0304_1,6,0,0
P2_S_0016_0304_2,6,0,0
P1_FA_0512_0304_0,6,0,0
P1_FA_0512_0304_1,6,0,0
P1_FA_0512_0304_2,6,0,0
P1_AAFAPP_2048_0304_0,6,0,0
P1_AAFAPP_2048_0304_1,6,0,0
P1_AAFAPP_2048_0304_2,6,0,0
P2_S_AAFAPP_0008_0304_0,6,0,0
P2_S_AAFAPP_0008_0304_1,6,0,0
P2_S_AAFAPP_0008_0304_2,6,0,0
P2_AAFAPP_0128_0304_0,6,0,0
P2_AAFAPP_0128_0304_1,6,0,0
P2_AAFAPP_0128_0304_2,6,0,0
P2_S_AAFAPP_0032_0304_0,6,0,0
P2_S_AAFAPP_0032_0304_1,6,0,0
P2_S_AAFAPP_0032_0304_2,6,0,0
P2_S_13C_0002_0304_0,6,0,0
P2_S_13C_0002_0304_1,6,0,0
P2_S_13C_0002_0304_2,6,0,0
P1_FA_0002_0304_0,6,0,0
P1_FA_0002_0304_1,6,0,0
P1_FA_0002_0304_2,6,0,0
P1_AAFAPP_0512_0304_0,6,0,0
P1_AAFAPP_0512_0304_1,6,0,0
P1_AAFAPP_0512_0304_2,6,0,0
P1_13C_0008_0304_0,6,0,0
P1_13C_0008_0304_1,6,0,0
P1_13C_0008_0304_2,6,0,0
P2_AAFAPP_0512_0304_0,6,0,0
P2_AAFAPP_0512_0304_1,6,0,0
P2_AAFAPP_0512_0304_2,6,0,0
P1_PP_0128_0304_0,6,0,0
P1_PP_0128_0304_1,6,0,0
P1_PP_0128_0304_2,6,0,0
P2_S_AA_0001_0304_0,6,0,0
P2_S_AA_0001_0304_1,6,0,0
P2_S_AA_0001_0304_2,6,0,0
P2_S_13C_0064_0304_0,6,0,0
P2_S_13C_0064_0304_1,6,0,0
P2_S_13C_0064_0304_2,6,0,0
P1_FA_1024_0304_0,6,0,0
P1_FA_1024_0304_1,6,0,0
P1_FA_1024_0304_2,6,0,0
P2_S_PP_0004_0304_0,6,0,0
P2_S_PP_0004_0304_1,6,0,0
P2_S_PP_0004_0304_2,6,0,0
P2_S_13C_0001_0304_0,6,0,0
P2_S_13C_0001_0304_1,6,0,0
P2_S_13C_0001_0304_2,6,0,0
P1_13C_0001_0304_0,6,0,0
P1_13C_0001_0304_1,6,0,0
P1_13C_0001_0304_2,6,0,0
P1_AA_0032_0304_0,6,0,0
P1_AA_0032_0304_1,6,0,0
P1_AA_0032_0304_2,6,0,0
P2_S_PP_0064_0304_0,6,0,0
P2_S_PP_0064_0304_1,6,0,0
P2_S_PP_0064_0304_2,6,0,0
P1_13C_2048_0304_0,6,0,0
P1_13C_2048_0304_1,6,0,0
P1_13C_2048_0304_2,6,0,0
P2_S_FA_0008_0304_0,6,0,0
P2_S_FA_0008_0304_1,6,0,0
P2_S_FA_0008_0304_2,6,0,0
P1_PP_0256_0306_0,7,0,0
P1_PP_0256_0306_1,7,0,0
P1_PP_0256_0306_2,7,0,0
P2_S_PP_0008_0306_0,7,0,0
P2_S_PP_0008_0306_1,7,0,0
P2_S_PP_0008_0306_2,7,0,0
P2_S_13C_0008_0306_0,7,0,0
P2_S_13C_0008_0306_1,7,0,0
P2_S_13C_0008_0306_2,7,0,0
P1_PP_2048_0306_0,7,0,0
P1_PP_2048_0306_1,7,0,0
P1_PP_2048_0306_2,7,0,0
P1_13C_0064_0306_0,7,0,0
P1_13C_0064_0306_1,7,0,0
P1_13C_0064_0306_2,7,0,0
P1_PP_0004_0306_0,7,0,0
P1_PP_0004_0306_1,7,0,0
P1_PP_0004_0306_2,7,0,0
P2_S_13C_0128_0306_0,7,0,0
P2_S_13C_0128_0306_1,7,0,0
P2_S_13C_0128_0306_2,7,0,0
P2_AAFAPP_0004_0306_0,7,0,0
P2_AAFAPP_0004_0306_1,7,0,0
P2_AAFAPP_0004_0306_2,7,0,0
P2_S_13C_0032_0306_0,7,0,0
P2_S_13C_0032_0306_1,7,0,0
P2_S_13C_0032_0306_2,7,0,0
P1_PP_0032_0306_0,7,0,0
P1_PP_0032_0306_1,7,0,0
P1_PP_0032_0306_2,7,0,0
P2_S_PP_0128_0306_0,7,0,0
P2_S_PP_0128_0306_1,7,0,0
P2_S_PP_0128_0306_2,7,0,0
P1_FA_0004_0306_0,7,0,0
P1_FA_0004_0306_1,7,0,0
P1_FA_0004_0306_2,7,0,0
P1_PP_0001_0306_0,7,0,0
P1_PP_0001_0306_1,7,0,0
P1_PP_0001_0306_2,7,0,0
P2_AAFAPP_0001_0306_0,7,0,0
P2_AAFAPP_0001_0306_1,7,0,0
P2_AAFAPP_0001_0306_2,7,0,0
P2_S_AA_0128_0306_0,7,0,0
P2_S_AA_0128_0306_1,7,0,0
P2_S_AA_0128_0306_2,7,0,0
P1_AAFAPP_0008_0306_0,7,0,0
P1_AAFAPP_0008_0306_1,7,0,0
P1_AAFAPP_0008_0306_2,7,0,0
P2_S_FA_0016_0306_0,7,0,0
P2_S_FA_0016_0306_1,7,0,0
P2_S_FA_0016_0306_2,7,0,0
P1_AAFAPP_0016_0306_0,7,0,0
P1_AAFAPP_0016_0306_1,7,0,0
P1_AAFAPP_0016_0306_2,7,0,0
P2_S_0008_0306_0,7,0,0
P2_S_0008_0306_1,7,0,0
P2_S_0008_0306_2,7,0,0
P1_13C_1024_0306_0,7,0,0
P1_13C_1024_0306_1,7,0,0
P1_13C_1024_0306_2,7,0,0
P2_S_FA_0004_0306_0,7,0,0
P2_S_FA_0004_0306_1,7,0,0
P2_S_FA_0004_0306_2,7,0,0
P1_S_0004_0306_0,7,0,0
P1_S_0004_0306_1,7,0,0
P1_S_0004_0306_2,7,0,0
P1_AA_0256_0306_0,7,0,0
P1_AA_0256_0306_1,7,0,0
P1_AA_0256_0306_2,7,0,0
P1_S_0001_0306_0,7,0,0
P1_S_0001_0306_1,7,0,0
P1_S_0001_0306_2,7,0,0
P1_13C_0016_0306_0,7,0,0
P1_13C_0016_0306_1,7,0,0
P1_13C_0016_0306_2,7,0,0
P1_AA_2048_0306_0,7,0,0
P1_AA_2048_0306_1,7,0,0
P1_AA_2048_0306_2,7,0,0
P1_PP_0512_0306_0,7,0,0
P1_PP_0512_0306_1,7,0,0
P1_PP_0512_0306_2,7,0,0
P2_S_PP_0002_0306_0,7,0,0
P2_S_PP_0002_0306_1,7,0,0
P2_S_PP_0002_0306_2,7,0,0
P2_S_FA_0128_0306_0,7,0,0
P2_S_FA_0128_0306_1,7,0,0
P2_S_FA_0128_0306_2,7,0,0
P1_S_0008_0306_0,7,0,0
P1_S_0008_0306_1,7,0,0
P1_S_0008_0306_2,7,0,0
P1_S_0512_0306_0,7,0,0
P1_S_0512_0306_1,7,0,0
P1_S_0512_0306_2,7,0,0
P1_PP_0008_0306_0,7,0,0
P1_PP_0008_0306_1,7,0,0
P1_PP_0008_0306_2,7,0,0
P1_PP_1024_0306_0,7,0,0
P1_PP_1024_0306_1,7,0,0
P1_PP_1024_0306_2,7,0,0
P2_S_0064_0306_0,7,0,0
P2_S_0064_0306_1,7,0,0
P2_S_0064_0306_2,7,0,0
P1_13C_0032_0306_0,7,0,0
P1_13C_0032_0306_1,7,0,0
P1_13C_0032_0306_2,7,0,0
P1_AAFAPP_0064_0306_0,7,0,0
P1_AAFAPP_0064_0306_1,7,0,0
P1_AAFAPP_0064_0306_2,7,0,0
P1_AAFAPP_0004_0306_0,7,0,0
P1_AAFAPP_0004_0306_1,7,0,0
P1_AAFAPP_0004_0306_2,7,0,0
P2_S_0032_0306_0,7,0,0
P2_S_0032_0306_1,7,0,0
P2_S_0032_0306_2,7,0,0
P1_PP_0002_0306_0,7,0,0
P1_PP_0002_0306_1,7,0,0
P1_PP_0002_0306_2,7,0,0
P1_FA_2048_0306_0,7,0,0
P1_FA_2048_0306_1,7,0,0
P1_FA_2048_0306_2,7,0,0
P1_AAFAPP_0001_0306_0,7,0,0
P1_AAFAPP_0001_0306_1,7,0,0
P1_AAFAPP_0001_0306_2,7,0,0
P1_AA_1024_0306_0,7,0,0
P1_AA_1024_0306_1,7,0,0
P1_AA_1024_0306_2,7,0,0
P2_S_2048_0306_0,7,0,0
P2_S_2048_0306_1,7,0,0
P2_S_2048_0306_2,7,0,0
P2_AAFAPP_0002_0306_0,7,0,0
P2_AAFAPP_0002_0306_1,7,0,0
P2_AAFAPP_0002_0306_2,7,0,0
P2_S_AA_0032_0306_0,7,0,0
P2_S_AA_0032_0306_1,7,0,0
P2_S_AA_0032_0306_2,7,0,0
P1_AA_0512_0306_0,7,0,0
P1_AA_0512_0306_1,7,0,0
P1_AA_0512_0306_2,7,0,0
P2_S_AAFAPP_0004_0306_0,7,0,0
P2_S_AAFAPP_0004_0306_1,7,0,0
P2_S_AAFAPP_0004_0306_2,7,0,0
P1_AAFAPP_0002_0306_0,7,0,0
P1_AAFAPP_0002_0306_1,7,0,0
P1_AAFAPP_0002_0306_2,7,0,0
P1_FA_0016_0306_0,7,0,0
P1_FA_0016_0306_1,7,0,0
P1_FA_0016_0306_2,7,0,0
P1_FA_0128_0306_0,7,0,0
P1_FA_0128_0306_1,7,0,0
P1_FA_0128_0306_2,7,0,0
P2_S_13C_0004_0306_0,7,0,0
P2_S_13C_0004_0306_1,7,0,0
P2_S_13C_0004_0306_2,7,0,0
P1_PP_0016_0306_0,7,0,0
P1_PP_0016_0306_1,7,0,0
P1_PP_0016_0306_2,7,0,0
P1_AAFAPP_0128_0306_0,7,0,0
P1_AAFAPP_0128_0306_1,7,0,0
P1_AAFAPP_0128_0306_2,7,0,0
P1_FA_0064_0306_0,7,0,0
P1_FA_0064_0306_1,7,0,0
P1_FA_0064_0306_2,7,0,0
P1_S_0256_0306_0,7,0,0
P1_S_0256_0306_1,7,0,0
P1_S_0256_0306_2,7,0,0
P2_S_AAFAPP_0128_0306_0,7,0,0
P2_S_AAFAPP_0128_0306_1,7,0,0
P2_S_AAFAPP_0128_0306_2,7,0,0
P2_AAFAPP_0256_0306_0,7,0,0
P2_AAFAPP_0256_0306_1,7,0,0
P2_AAFAPP_0256_0306_2,7,0,0
P2_S_FA_0032_0306_0,7,0,0
P2_S_FA_0032_0306_1,7,0,0
P2_S_FA_0032_0306_2,7,0,0
P2_S_PP_0001_0306_0,7,0,0
P2_S_PP_0001_0306_1,7,0,0
P2_S_PP_0001_0306_2,7,0,0
P1_13C_0256_0306_0,7,0,0
P1_13C_0256_0306_1,7,0,0
P1_13C_0256_0306_2,7,0,0
P1_S_0002_0306_0,7,0,0
P1_S_0002_0306_1,7,0,0
P1_S_0002_0306_2,7,0,0
P2_AAFAPP_2048_0306_0,7,0,0
P2_AAFAPP_2048_0306_1,7,0,0
P2_AAFAPP_2048_0306_2,7,0,0
P2_S_AAFAPP_0064_0306_0,7,0,0
P2_S_AAFAPP_0064_0306_1,7,0,0
P2_S_AAFAPP_0064_0306_2,7,0,0
P1_PP_0064_0306_0,7,0,0
P1_PP_0064_0306_1,7,0,0
P1_PP_0064_0306_2,7,0,0
P1_AA_0064_0306_0,7,0,0
P1_AA_0064_0306_1,7,0,0
P1_AA_0064_0306_2,7,0,0
P2_S_AA_0002_0306_0,7,0,0
P2_S_AA_0002_0306_1,7,0,0
P2_S_AA_0002_0306_2,7,0,0
P2_S_AAFAPP_0016_0306_0,7,0,0
P2_S_AAFAPP_0016_0306_1,7,0,0
P2_S_AAFAPP_0016_0306_2,7,0,0
P1_AAFAPP_0032_0306_0,7,0,0
P1_AAFAPP_0032_0306_1,7,0,0
P1_AAFAPP_0032_0306_2,7,0,0
P1_13C_0512_0306_0,7,0,0
P1_13C_0512_0306_1,7,0,0
P1_13C_0512_0306_2,7,0,0
P1_AAFAPP_0256_0306_0,7,0,0
P1_AAFAPP_0256_0306_1,7,0,0
P1_AAFAPP_0256_0306_2,7,0,0
P2_S_AAFAPP_0002_0306_0,7,0,0
P2_S_AAFAPP_0002_0306_1,7,0,0
P2_S_AAFAPP_0002_0306_2,7,0,0
P2_S_AA_0064_0306_0,7,0,0
P2_S_AA_0064_0306_1,7,0,0
P2_S_AA_0064_0306_2,7,0,0
P1_S_0128_0306_0,7,0,0
P1_S_0128_0306_1,7,0,0
P1_S_0128_0306_2,7,0,0
P2_S_AA_0016_0306_0,7,0,0
P2_S_AA_0016_0306_1,7,0,0
P2_S_AA_0016_0306_2,7,0,0
P2_S_FA_0064_0306_0,7,0,0
P2_S_FA_0064_0306_1,7,0,0
P2_S_FA_0064_0306_2,7,0,0
P1_S_2048_0306_0,7,0,0
P1_S_2048_0306_1,7,0,0
P1_S_2048_0306_2,7,0,0
P1_AA_0002_0306_0,7,0,0
P1_AA_0002_0306_1,7,0,0
P1_AA_0002_0306_2,7,0,0
P1_AA_0008_0306_0,7,0,0
P1_AA_0008_0306_1,7,0,0
P1_AA_0008_0306_2,7,0,0
P2_AAFAPP_0008_0306_0,7,0,0
P2_AAFAPP_0008_0306_1,7,0,0
P2_AAFAPP_0008_0306_2,7,0,0
P1_AA_0004_0306_0,7,0,0
P1_AA_0004_0306_1,7,0,0
P1_AA_0004_0306_2,7,0,0
P1_S_0016_0306_0,7,0,0
P1_S_0016_0306_1,7,0,0
P1_S_0016_0306_2,7,0,0
P1_13C_0002_0306_0,7,0,0
P1_13C_0002_0306_1,7,0,0
P1_13C_0002_0306_2,7,0,0
P2_AAFAPP_1024_0306_0,7,0,0
P2_AAFAPP_1024_0306_1,7,0,0
P2_AAFAPP_1024_0306_2,7,0,0
P2_S_PP_0032_0306_0,7,0,0
P2_S_PP_0032_0306_1,7,0,0
P2_S_PP_0032_0306_2,7,0,0
P2_S_0512_0306_0,7,0,0
P2_S_0512_0306_1,7,0,0
P2_S_0512_0306_2,7,0,0
P1_AA_0128_0306_0,7,0,0
P1_AA_0128_0306_1,7,0,0
P1_AA_0128_0306_2,7,0,0
P2_S_AA_0004_0306_0,7,0,0
P2_S_AA_0004_0306_1,7,0,0
P2_S_AA_0004_0306_2,7,0,0
P1_13C_0128_0306_0,7,0,0
P1_13C_0128_0306_1,7,0,0
P1_13C_0128_0306_2,7,0,0
P1_13C_0004_0306_0,7,0,0
P1_13C_0004_0306_1,7,0,0
P1_13C_0004_0306_2,7,0,0
P1_AAFAPP_1024_0306_0,7,0,0
P1_AAFAPP_1024_0306_1,7,0,0
P1_AAFAPP_1024_0306_2,7,0,0
P2_S_0128_0306_0,7,0,0
P2_S_0128_0306_1,7,0,0
P2_S_0128_0306_2,7,0,0
P1_FA_0256_0306_0,7,0,0
P1_FA_0256_0306_1,7,0,0
P1_FA_0256_0306_2,7,0,0
P2_S_13C_0016_0306_0,7,0,0
P2_S_13C_0016_0306_1,7,0,0
P2_S_13C_0016_0306_2,7,0,0
P1_S_1024_0306_0,7,0,0
P1_S_1024_0306_1,7,0,0
P1_S_1024_0306_2,7,0,0
P2_AAFAPP_0032_0306_0,7,0,0
P2_AAFAPP_0032_0306_1,7,0,0
P2_AAFAPP_0032_0306_2,7,0,0
P2_S_1024_0306_0,7,0,0
P2_S_1024_0306_1,7,0,0
P2_S_1024_0306_2,7,0,0
P2_S_AA_0008_0306_0,7,0,0
P2_S_AA_0008_0306_1,7,0,0
P2_S_AA_0008_0306_2,7,0,0
P2_AAFAPP_0064_0306_0,7,0,0
P2_AAFAPP_0064_0306_1,7,0,0
P2_AAFAPP_0064_0306_2,7,0,0
P1_S_0032_0306_0,7,0,0
P1_S_0032_0306_1,7,0,0
P1_S_0032_0306_2,7,0,0
P1_FA_0032_0306_0,7,0,0
P1_FA_0032_0306_1,7,0,0
P1_FA_0032_0306_2,7,0,0
P1_AA_0001_0306_0,7,0,0
P1_AA_0001_0306_1,7,0,0
P1_AA_0001_0306_2,7,0,0
P2_AAFAPP_0016_0306_0,7,0,0
P2_AAFAPP_0016_0306_1,7,0,0
P2_AAFAPP_0016_0306_2,7,0,0
P1_AA_0016_0306_0,7,0,0
P1_AA_0016_0306_1,7,0,0
P1_AA_0016_0306_2,7,0,0
P2_S_0256_0306_0,7,0,0
P2_S_0256_0306_1,7,0,0
P2_S_0256_0306_2,7,0,0
P2_S_PP_0016_0306_0,7,0,0
P2_S_PP_0016_0306_1,7,0,0
P2_S_PP_0016_0306_2,7,0,0
P1_S_0064_0306_0,7,0,0
P1_S_0064_0306_1,7,0,0
P1_S_0064_0306_2,7,0,0
P2_S_0016_0306_0,7,0,0
P2_S_0016_0306_1,7,0,0
P2_S_0016_0306_2,7,0,0
P1_FA_0512_0306_0,7,0,0
P1_FA_0512_0306_1,7,0,0
P1_FA_0512_0306_2,7,0,0
P1_AAFAPP_2048_0306_0,7,0,0
P1_AAFAPP_2048_0306_1,7,0,0
P1_AAFAPP_2048_0306_2,7,0,0
P2_S_AAFAPP_0008_0306_0,7,0,0
P2_S_AAFAPP_0008_0306_1,7,0,0
P2_S_AAFAPP_0008_0306_2,7,0,0
P2_AAFAPP_0128_0306_0,7,0,0
P2_AAFAPP_0128_0306_1,7,0,0
P2_AAFAPP_0128_0306_2,7,0,0
P2_S_AAFAPP_0032_0306_0,7,0,0
P2_S_AAFAPP_0032_0306_1,7,0,0
P2_S_AAFAPP_0032_0306_2,7,0,0
P2_S_13C_0002_0306_0,7,0,0
P2_S_13C_0002_0306_1,7,0,0
P2_S_13C_0002_0306_2,7,0,0
P1_FA_0002_0306_0,7,0,0
P1_FA_0002_0306_1,7,0,0
P1_FA_0002_0306_2,7,0,0
P1_AAFAPP_0512_0306_0,7,0,0
P1_AAFAPP_0512_0306_1,7,0,0
P1_AAFAPP_0512_0306_2,7,0,0
P1_13C_0008_0306_0,7,0,0
P1_13C_0008_0306_1,7,0,0
P1_13C_0008_0306_2,7,0,0
P2_AAFAPP_0512_0306_0,7,0,0
P2_AAFAPP_0512_0306_1,7,0,0
P2_AAFAPP_0512_0306_2,7,0,0
P1_PP_0128_0306_0,7,0,0
P1_PP_0128_0306_1,7,0,0
P1_PP_0128_0306_2,7,0,0
P2_S_AA_0001_0306_0,7,0,0
P2_S_AA_0001_0306_1,7,0,0
P2_S_AA_0001_0306_2,7,0,0
P2_S_13C_0064_0306_0,7,0,0
P2_S_13C_0064_0306_1,7,0,0
P2_S_13C_0064_0306_2,7,0,0
P1_FA_1024_0306_0,7,0,0
P1_FA_1024_0306_1,7,0,0
P1_FA_1024_0306_2,7,0,0
P2_S_PP_0004_0306_0,7,0,0
P2_S_PP_0004_0306_1,7,0,0
P2_S_PP_0004_0306_2,7,0,0
P2_S_13C_0001_0306_0,7,0,0
P2_S_13C_0001_0306_1,7,0,0
P2_S_13C_0001_0306_2,7,0,0
P1_13C_0001_0306_0,7,0,0
P1_13C_0001_0306_1,7,0,0
P1_13C_0001_0306_2,7,0,0
P1_AA_0032_0306_0,7,0,0
P1_AA_0032_0306_1,7,0,0
P1_AA_0032_0306_2,7,0,0
P2_S_PP_0064_0306_0,7,0,0
P2_S_PP_0064_0306_1,7,0,0
P2_S_PP_0064_0306_2,7,0,0
P1_13C_2048_0306_0,7,0,0
P1_13C_2048_0306_1,7,0,0
P1_13C_2048_0306_2,7,0,0
P2_S_FA_0008_0306_0,7,0,0
P2_S_FA_0008_0306_1,7,0,0
P2_S_FA_0008_0306_2,7,0,0
